# Host: 193.169.100.166  (Version 5.5.62)
# Date: 2019-05-05 18:12:38
# Generator: MySQL-Front 6.1  (Build 1.26)


#
# Structure for table "alipay_config"
#

DROP TABLE IF EXISTS `alipay_config`;
CREATE TABLE `alipay_config` (
  `id` bigint(20) NOT NULL AUTO_INCREMENT COMMENT '主键',
  `app_id` varchar(255) DEFAULT NULL COMMENT '应用ID',
  `charset` varchar(255) DEFAULT NULL COMMENT '编码',
  `format` varchar(255) DEFAULT NULL COMMENT '类型 固定格式json',
  `gateway_url` varchar(255) DEFAULT NULL COMMENT '网关地址',
  `notify_url` varchar(255) DEFAULT NULL COMMENT '异步回调',
  `private_key` text COMMENT '私钥',
  `public_key` text COMMENT '公钥',
  `return_url` varchar(255) DEFAULT NULL COMMENT '回调地址',
  `sign_type` varchar(255) DEFAULT NULL COMMENT '签名方式',
  `sys_service_provider_id` varchar(255) DEFAULT NULL COMMENT '商户号',
  PRIMARY KEY (`id`) USING BTREE
) ENGINE=InnoDB AUTO_INCREMENT=2 DEFAULT CHARSET=utf8;

#
# Data for table "alipay_config"
#

INSERT INTO `alipay_config` VALUES (1,'2016091700532697','utf-8','JSON','https://openapi.alipaydev.com/gateway.do','http://api.auauz.net/api/aliPay/notify','MIIEvAIBADANBgkqhkiG9w0BAQEFAASCBKYwggSiAgEAAoIBAQC5js8sInU10AJ0cAQ8UMMyXrQ+oHZEkVt5lBwsStmTJ7YikVYgbskx1YYEXTojRsWCb+SH/kDmDU4pK/u91SJ4KFCRMF2411piYuXU/jF96zKrADznYh/zAraqT6hvAIVtQAlMHN53nx16rLzZ/8jDEkaSwT7+HvHiS+7sxSojnu/3oV7BtgISoUNstmSe8WpWHOaWv19xyS+Mce9MY4BfseFhzTICUymUQdd/8hXA28/H6osUfAgsnxAKv7Wil3aJSgaJczWuflYOve0dJ3InZkhw5Cvr0atwpk8YKBQjy5CdkoHqvkOcIB+cYHXJKzOE5tqU7inSwVbHzOLQ3XbnAgMBAAECggEAVJp5eT0Ixg1eYSqFs9568WdetUNCSUchNxDBu6wxAbhUgfRUGZuJnnAll63OCTGGck+EGkFh48JjRcBpGoeoHLL88QXlZZbC/iLrea6gcDIhuvfzzOffe1RcZtDFEj9hlotg8dQj1tS0gy9pN9g4+EBH7zeu+fyv+qb2e/v1l6FkISXUjpkD7RLQr3ykjiiEw9BpeKb7j5s7Kdx1NNIzhkcQKNqlk8JrTGDNInbDM6inZfwwIO2R1DHinwdfKWkvOTODTYa2MoAvVMFT9Bec9FbLpoWp7ogv1JMV9svgrcF9XLzANZ/OQvkbe9TV9GWYvIbxN6qwQioKCWO4GPnCAQKBgQDgW5MgfhX8yjXqoaUy/d1VjI8dHeIyw8d+OBAYwaxRSlCfyQ+tieWcR2HdTzPca0T0GkWcKZm0ei5xRURgxt4DUDLXNh26HG0qObbtLJdu/AuBUuCqgOiLqJ2f1uIbrz6OZUHns+bT/jGW2Ws8+C13zTCZkZt9CaQsrp3QOGDx5wKBgQDTul39hp3ZPwGNFeZdkGoUoViOSd5Lhowd5wYMGAEXWRLlU8z+smT5v0POz9JnIbCRchIY2FAPKRdVTICzmPk2EPJFxYTcwaNbVqL6lN7J2IlXXMiit5QbiLauo55w7plwV6LQmKm9KV7JsZs5XwqF7CEovI7GevFzyD3w+uizAQKBgC3LY1eRhOlpWOIAhpjG6qOoohmeXOphvdmMlfSHq6WYFqbWwmV4rS5d/6LNpNdL6fItXqIGd8I34jzql49taCmi+A2nlR/E559j0mvM20gjGDIYeZUz5MOE8k+K6/IcrhcgofgqZ2ZED1ksHdB/E8DNWCswZl16V1FrfvjeWSNnAoGAMrBplCrIW5xz+J0Hm9rZKrs+AkK5D4fUv8vxbK/KgxZ2KaUYbNm0xv39c+PZUYuFRCz1HDGdaSPDTE6WeWjkMQd5mS6ikl9hhpqFRkyh0d0fdGToO9yLftQKOGE/q3XUEktI1XvXF0xyPwNgUCnq0QkpHyGVZPtGFxwXiDvpvgECgYA5PoB+nY8iDiRaJNko9w0hL4AeKogwf+4TbCw+KWVEn6jhuJa4LFTdSqp89PktQaoVpwv92el/AhYjWOl/jVCm122f9b7GyoelbjMNolToDwe5pF5RnSpEuDdLy9MfE8LnE3PlbE7E5BipQ3UjSebkgNboLHH/lNZA5qvEtvbfvQ==','MIIBIjANBgkqhkiG9w0BAQEFAAOCAQ8AMIIBCgKCAQEAut9evKRuHJ/2QNfDlLwvN/S8l9hRAgPbb0u61bm4AtzaTGsLeMtScetxTWJnVvAVpMS9luhEJjt+Sbk5TNLArsgzzwARgaTKOLMT1TvWAK5EbHyI+eSrc3s7Awe1VYGwcubRFWDm16eQLv0k7iqiw+4mweHSz/wWyvBJVgwLoQ02btVtAQErCfSJCOmt0Q/oJQjj08YNRV4EKzB19+f5A+HQVAKy72dSybTzAK+3FPtTtNen/+b5wGeat7c32dhYHnGorPkPeXLtsqqUTp1su5fMfd4lElNdZaoCI7osZxWWUo17vBCZnyeXc9fk0qwD9mK6yRAxNbrY72Xx5VqIqwIDAQAB','http://api.auauz.net/api/aliPay/return','RSA2','2088102176044281');

#
# Structure for table "dept"
#

DROP TABLE IF EXISTS `dept`;
CREATE TABLE `dept` (
  `id` bigint(20) NOT NULL AUTO_INCREMENT COMMENT 'ID',
  `name` varchar(255) NOT NULL COMMENT '名称',
  `pid` bigint(20) NOT NULL COMMENT '上级部门',
  `create_time` datetime DEFAULT NULL,
  `enabled` bit(1) NOT NULL,
  PRIMARY KEY (`id`)
) ENGINE=InnoDB AUTO_INCREMENT=13 DEFAULT CHARSET=utf8;

#
# Data for table "dept"
#

INSERT INTO `dept` VALUES (1,'eladmin',0,'2019-03-25 09:14:05',b'1'),(2,'研发部',7,'2019-03-25 09:15:32',b'1'),(5,'运维部',7,'2019-03-25 09:20:44',b'1'),(6,'测试部',8,'2019-03-25 09:52:18',b'1'),(7,'华南分部',1,'2019-03-25 11:04:50',b'1'),(8,'华北分部',1,'2019-03-25 11:04:53',b'1'),(9,'财务部',7,'2019-03-25 11:05:34',b'1'),(10,'行政部',8,'2019-03-25 11:05:58',b'1'),(11,'人事部',8,'2019-03-25 11:07:58',b'1'),(12,'市场部',7,'2019-03-25 11:10:24',b'0');

#
# Structure for table "dict"
#

DROP TABLE IF EXISTS `dict`;
CREATE TABLE `dict` (
  `id` bigint(11) NOT NULL AUTO_INCREMENT,
  `name` varchar(255) NOT NULL COMMENT '字典名称',
  `remark` varchar(255) DEFAULT NULL COMMENT '描述',
  PRIMARY KEY (`id`)
) ENGINE=InnoDB AUTO_INCREMENT=6 DEFAULT CHARSET=utf8;

#
# Data for table "dict"
#

INSERT INTO `dict` VALUES (1,'user_status','用户状态'),(4,'dept_status','部门状态'),(5,'job_status','岗位状态');

#
# Structure for table "dict_detail"
#

DROP TABLE IF EXISTS `dict_detail`;
CREATE TABLE `dict_detail` (
  `id` bigint(11) NOT NULL AUTO_INCREMENT,
  `label` varchar(255) NOT NULL COMMENT '字典标签',
  `value` varchar(255) NOT NULL COMMENT '字典值',
  `sort` varchar(255) DEFAULT NULL COMMENT '排序',
  `dict_id` bigint(11) DEFAULT NULL COMMENT '字典id',
  PRIMARY KEY (`id`),
  KEY `FK5tpkputc6d9nboxojdbgnpmyb` (`dict_id`),
  CONSTRAINT `FK5tpkputc6d9nboxojdbgnpmyb` FOREIGN KEY (`dict_id`) REFERENCES `dict` (`id`)
) ENGINE=InnoDB AUTO_INCREMENT=15 DEFAULT CHARSET=utf8;

#
# Data for table "dict_detail"
#

INSERT INTO `dict_detail` VALUES (1,'激活','true','1',1),(2,'锁定','false','2',1),(11,'正常','true','1',4),(12,'停用','false','2',4),(13,'正常','true','1',5),(14,'停用','false','2',5);

#
# Structure for table "email_config"
#

DROP TABLE IF EXISTS `email_config`;
CREATE TABLE `email_config` (
  `id` bigint(20) NOT NULL AUTO_INCREMENT COMMENT 'ID',
  `from_user` varchar(255) DEFAULT NULL COMMENT '收件人',
  `host` varchar(255) DEFAULT NULL COMMENT '邮件服务器SMTP地址',
  `pass` varchar(255) DEFAULT NULL COMMENT '密码',
  `port` varchar(255) DEFAULT NULL COMMENT '端口',
  `user` varchar(255) DEFAULT NULL COMMENT '发件者用户名',
  PRIMARY KEY (`id`) USING BTREE
) ENGINE=InnoDB AUTO_INCREMENT=2 DEFAULT CHARSET=utf8;

#
# Data for table "email_config"
#


#
# Structure for table "gen_config"
#

DROP TABLE IF EXISTS `gen_config`;
CREATE TABLE `gen_config` (
  `id` bigint(20) NOT NULL AUTO_INCREMENT COMMENT 'ID',
  `author` varchar(255) DEFAULT NULL COMMENT '作者',
  `cover` bit(1) DEFAULT NULL COMMENT '是否覆盖',
  `module_name` varchar(255) DEFAULT NULL COMMENT '模块名称',
  `pack` varchar(255) DEFAULT NULL COMMENT '至于哪个包下',
  `path` varchar(255) DEFAULT NULL COMMENT '前端代码生成的路径',
  `api_path` varchar(255) DEFAULT NULL,
  PRIMARY KEY (`id`) USING BTREE
) ENGINE=InnoDB AUTO_INCREMENT=2 DEFAULT CHARSET=utf8;

#
# Data for table "gen_config"
#

INSERT INTO `gen_config` VALUES (1,'jie',b'0','eladmin-system','me.zhengjie.modules.system','E:\\workspace\\me\\eladmin-qt\\src\\views\\system\\dictDetail','E:\\workspace\\me\\eladmin-qt\\src\\api');

#
# Structure for table "job"
#

DROP TABLE IF EXISTS `job`;
CREATE TABLE `job` (
  `id` bigint(20) NOT NULL AUTO_INCREMENT,
  `name` varchar(255) NOT NULL,
  `enabled` bit(1) NOT NULL,
  `create_time` datetime DEFAULT NULL,
  `sort` bigint(20) NOT NULL,
  `dept_id` bigint(20) DEFAULT NULL,
  PRIMARY KEY (`id`),
  KEY `FKmvhj0rogastlctflsxf1d6k3i` (`dept_id`),
  CONSTRAINT `FKmvhj0rogastlctflsxf1d6k3i` FOREIGN KEY (`dept_id`) REFERENCES `dept` (`id`)
) ENGINE=InnoDB AUTO_INCREMENT=20 DEFAULT CHARSET=utf8;

#
# Data for table "job"
#

INSERT INTO `job` VALUES (2,'董事长秘书',b'1','2019-03-29 14:01:30',2,1),(8,'人事专员',b'1','2019-03-29 14:52:28',3,11),(10,'产品经理',b'0','2019-03-29 14:55:51',4,2),(11,'全栈开发',b'1','2019-03-31 13:39:30',6,2),(12,'软件测试',b'1','2019-03-31 13:39:43',5,2),(19,'董事长',b'1','2019-03-31 14:58:15',1,1);

#
# Structure for table "log"
#

DROP TABLE IF EXISTS `log`;
CREATE TABLE `log` (
  `id` bigint(20) NOT NULL AUTO_INCREMENT,
  `create_time` datetime DEFAULT NULL,
  `description` varchar(255) DEFAULT NULL,
  `exception_detail` text,
  `log_type` varchar(255) DEFAULT NULL,
  `method` varchar(255) DEFAULT NULL,
  `params` text,
  `request_ip` varchar(255) DEFAULT NULL,
  `time` bigint(20) DEFAULT NULL,
  `username` varchar(255) DEFAULT NULL,
  PRIMARY KEY (`id`)
) ENGINE=InnoDB AUTO_INCREMENT=5114 DEFAULT CHARSET=utf8;

#
# Data for table "log"
#

INSERT INTO `log` VALUES (4954,'2019-05-05 16:44:34','查询部门','me.zhengjie.exception.BadRequestException\r\n\tat me.zhengjie.aspect.DataScopeAspect.logAround(DataScopeAspect.java:51)\r\n\tat sun.reflect.NativeMethodAccessorImpl.invoke0(Native Method)\r\n\tat sun.reflect.NativeMethodAccessorImpl.invoke(NativeMethodAccessorImpl.java:62)\r\n\tat sun.reflect.DelegatingMethodAccessorImpl.invoke(DelegatingMethodAccessorImpl.java:43)\r\n\tat java.lang.reflect.Method.invoke(Method.java:498)\r\n\tat org.springframework.aop.aspectj.AbstractAspectJAdvice.invokeAdviceMethodWithGivenArgs(AbstractAspectJAdvice.java:644)\r\n\tat org.springframework.aop.aspectj.AbstractAspectJAdvice.invokeAdviceMethod(AbstractAspectJAdvice.java:633)\r\n\tat org.springframework.aop.aspectj.AspectJAroundAdvice.invoke(AspectJAroundAdvice.java:70)\r\n\tat org.springframework.aop.framework.ReflectiveMethodInvocation.proceed(ReflectiveMethodInvocation.java:175)\r\n\tat org.springframework.aop.aspectj.AspectJAfterThrowingAdvice.invoke(AspectJAfterThrowingAdvice.java:62)\r\n\tat org.springframework.aop.framework.ReflectiveMethodInvocation.proceed(ReflectiveMethodInvocation.java:175)\r\n\tat org.springframework.security.access.intercept.aopalliance.MethodSecurityInterceptor.invoke(MethodSecurityInterceptor.java:69)\r\n\tat org.springframework.aop.framework.ReflectiveMethodInvocation.proceed(ReflectiveMethodInvocation.java:186)\r\n\tat org.springframework.aop.interceptor.ExposeInvocationInterceptor.invoke(ExposeInvocationInterceptor.java:93)\r\n\tat org.springframework.aop.framework.ReflectiveMethodInvocation.proceed(ReflectiveMethodInvocation.java:186)\r\n\tat org.springframework.aop.framework.CglibAopProxy$DynamicAdvisedInterceptor.intercept(CglibAopProxy.java:688)\r\n\tat me.zhengjie.modules.system.rest.DeptController$$EnhancerBySpringCGLIB$$99974ddb.getDepts(<generated>)\r\n\tat sun.reflect.NativeMethodAccessorImpl.invoke0(Native Method)\r\n\tat sun.reflect.NativeMethodAccessorImpl.invoke(NativeMethodAccessorImpl.java:62)\r\n\tat sun.reflect.DelegatingMethodAccessorImpl.invoke(DelegatingMethodAccessorImpl.java:43)\r\n\tat java.lang.reflect.Method.invoke(Method.java:498)\r\n\tat org.springframework.web.method.support.InvocableHandlerMethod.doInvoke(InvocableHandlerMethod.java:215)\r\n\tat org.springframework.web.method.support.InvocableHandlerMethod.invokeForRequest(InvocableHandlerMethod.java:142)\r\n\tat org.springframework.web.servlet.mvc.method.annotation.ServletInvocableHandlerMethod.invokeAndHandle(ServletInvocableHandlerMethod.java:102)\r\n\tat org.springframework.web.servlet.mvc.method.annotation.RequestMappingHandlerAdapter.invokeHandlerMethod(RequestMappingHandlerAdapter.java:895)\r\n\tat org.springframework.web.servlet.mvc.method.annotation.RequestMappingHandlerAdapter.handleInternal(RequestMappingHandlerAdapter.java:800)\r\n\tat org.springframework.web.servlet.mvc.method.AbstractHandlerMethodAdapter.handle(AbstractHandlerMethodAdapter.java:87)\r\n\tat org.springframework.web.servlet.DispatcherServlet.doDispatch(DispatcherServlet.java:1038)\r\n\tat org.springframework.web.servlet.DispatcherServlet.doService(DispatcherServlet.java:942)\r\n\tat org.springframework.web.servlet.FrameworkServlet.processRequest(FrameworkServlet.java:998)\r\n\tat org.springframework.web.servlet.FrameworkServlet.doGet(FrameworkServlet.java:890)\r\n\tat javax.servlet.http.HttpServlet.service(HttpServlet.java:634)\r\n\tat org.springframework.web.servlet.FrameworkServlet.service(FrameworkServlet.java:875)\r\n\tat javax.servlet.http.HttpServlet.service(HttpServlet.java:741)\r\n\tat org.apache.catalina.core.ApplicationFilterChain.internalDoFilter(ApplicationFilterChain.java:231)\r\n\tat org.apache.catalina.core.ApplicationFilterChain.doFilter(ApplicationFilterChain.java:166)\r\n\tat org.apache.tomcat.websocket.server.WsFilter.doFilter(WsFilter.java:53)\r\n\tat org.apache.catalina.core.ApplicationFilterChain.internalDoFilter(ApplicationFilterChain.java:193)\r\n\tat org.apache.catalina.core.ApplicationFilterChain.doFilter(ApplicationFilterChain.java:166)\r\n\tat org.springframework.web.filter.OncePerRequestFilter.doFilter(OncePerRequestFilter.java:101)\r\n\tat org.apache.catalina.core.ApplicationFilterChain.internalDoFilter(ApplicationFilterChain.java:193)\r\n\tat org.apache.catalina.core.ApplicationFilterChain.doFilter(ApplicationFilterChain.java:166)\r\n\tat com.alibaba.druid.support.http.WebStatFilter.doFilter(WebStatFilter.java:123)\r\n\tat org.apache.catalina.core.ApplicationFilterChain.internalDoFilter(ApplicationFilterChain.java:193)\r\n\tat org.apache.catalina.core.ApplicationFilterChain.doFilter(ApplicationFilterChain.java:166)\r\n\tat org.springframework.security.web.FilterChainProxy$VirtualFilterChain.doFilter(FilterChainProxy.java:320)\r\n\tat org.springframework.security.web.access.intercept.FilterSecurityInterceptor.invoke(FilterSecurityInterceptor.java:127)\r\n\tat org.springframework.security.web.access.intercept.FilterSecurityInterceptor.doFilter(FilterSecurityInterceptor.java:91)\r\n\tat org.springframework.security.web.FilterChainProxy$VirtualFilterChain.doFilter(FilterChainProxy.java:334)\r\n\tat org.springframework.security.web.access.ExceptionTranslationFilter.doFilter(ExceptionTranslationFilter.java:119)\r\n\tat org.springframework.security.web.FilterChainProxy$VirtualFilterChain.doFilter(FilterChainProxy.java:334)\r\n\tat org.springframework.security.web.session.SessionManagementFilter.doFilter(SessionManagementFilter.java:137)\r\n\tat org.springframework.security.web.FilterChainProxy$VirtualFilterChain.doFilter(FilterChainProxy.java:334)\r\n\tat org.springframework.security.web.authentication.AnonymousAuthenticationFilter.doFilter(AnonymousAuthenticationFilter.java:111)\r\n\tat org.springframework.security.web.FilterChainProxy$VirtualFilterChain.doFilter(FilterChainProxy.java:334)\r\n\tat org.springframework.security.web.servletapi.SecurityContextHolderAwareRequestFilter.doFilter(SecurityContextHolderAwareRequestFilter.java:170)\r\n\tat org.springframework.security.web.FilterChainProxy$VirtualFilterChain.doFilter(FilterChainProxy.java:334)\r\n\tat org.springframework.security.web.savedrequest.RequestCacheAwareFilter.doFilter(RequestCacheAwareFilter.java:63)\r\n\tat org.springframework.security.web.FilterChainProxy$VirtualFilterChain.doFilter(FilterChainProxy.java:334)\r\n\tat me.zhengjie.modules.security.security.JwtAuthorizationTokenFilter.doFilterInternal(JwtAuthorizationTokenFilter.java:68)\r\n\tat org.springframework.web.filter.OncePerRequestFilter.doFilter(OncePerRequestFilter.java:107)\r\n\tat org.springframework.security.web.FilterChainProxy$VirtualFilterChain.doFilter(FilterChainProxy.java:334)\r\n\tat org.springframework.security.web.authentication.logout.LogoutFilter.doFilter(LogoutFilter.java:116)\r\n\tat org.springframework.security.web.FilterChainProxy$VirtualFilterChain.doFilter(FilterChainProxy.java:334)\r\n\tat org.springframework.security.web.header.HeaderWriterFilter.doFilterInternal(HeaderWriterFilter.java:66)\r\n\tat org.springframework.web.filter.OncePerRequestFilter.doFilter(OncePerRequestFilter.java:107)\r\n\tat org.springframework.security.web.FilterChainProxy$VirtualFilterChain.doFilter(FilterChainProxy.java:334)\r\n\tat org.springframework.security.web.context.SecurityContextPersistenceFilter.doFilter(SecurityContextPersistenceFilter.java:105)\r\n\tat org.springframework.security.web.FilterChainProxy$VirtualFilterChain.doFilter(FilterChainProxy.java:334)\r\n\tat org.springframework.security.web.context.request.async.WebAsyncManagerIntegrationFilter.doFilterInternal(WebAsyncManagerIntegrationFilter.java:56)\r\n\tat org.springframework.web.filter.OncePerRequestFilter.doFilter(OncePerRequestFilter.java:107)\r\n\tat org.springframework.security.web.FilterChainProxy$VirtualFilterChain.doFilter(FilterChainProxy.java:334)\r\n\tat org.springframework.security.web.FilterChainProxy.doFilterInternal(FilterChainProxy.java:215)\r\n\tat org.springframework.security.web.FilterChainProxy.doFilter(FilterChainProxy.java:178)\r\n\tat org.springframework.web.filter.DelegatingFilterProxy.invokeDelegate(DelegatingFilterProxy.java:357)\r\n\tat org.springframework.web.filter.DelegatingFilterProxy.doFilter(DelegatingFilterProxy.java:270)\r\n\tat org.apache.catalina.core.ApplicationFilterChain.internalDoFilter(ApplicationFilterChain.java:193)\r\n\tat org.apache.catalina.core.ApplicationFilterChain.doFilter(ApplicationFilterChain.java:166)\r\n\tat org.springframework.web.filter.CharacterEncodingFilter.doFilterInternal(CharacterEncodingFilter.java:200)\r\n\tat org.springframework.web.filter.OncePerRequestFilter.doFilter(OncePerRequestFilter.java:107)\r\n\tat org.apache.catalina.core.ApplicationFilterChain.internalDoFilter(ApplicationFilterChain.java:193)\r\n\tat org.apache.catalina.core.ApplicationFilterChain.doFilter(ApplicationFilterChain.java:166)\r\n\tat org.apache.catalina.core.StandardWrapperValve.invoke(StandardWrapperValve.java:199)\r\n\tat org.apache.catalina.core.StandardContextValve.invoke(StandardContextValve.java:96)\r\n\tat org.apache.catalina.authenticator.AuthenticatorBase.invoke(AuthenticatorBase.java:490)\r\n\tat org.apache.catalina.core.StandardHostValve.invoke(StandardHostValve.java:139)\r\n\tat org.apache.catalina.valves.ErrorReportValve.invoke(ErrorReportValve.java:92)\r\n\tat org.apache.catalina.core.StandardEngineValve.invoke(StandardEngineValve.java:74)\r\n\tat org.apache.catalina.connector.CoyoteAdapter.service(CoyoteAdapter.java:343)\r\n\tat org.apache.coyote.http11.Http11Processor.service(Http11Processor.java:408)\r\n\tat org.apache.coyote.AbstractProcessorLight.process(AbstractProcessorLight.java:66)\r\n\tat org.apache.coyote.AbstractProtocol$ConnectionHandler.process(AbstractProtocol.java:770)\r\n\tat org.apache.tomcat.util.net.NioEndpoint$SocketProcessor.doRun(NioEndpoint.java:1415)\r\n\tat org.apache.tomcat.util.net.SocketProcessorBase.run(SocketProcessorBase.java:49)\r\n\tat java.util.concurrent.ThreadPoolExecutor.runWorker(ThreadPoolExecutor.java:1149)\r\n\tat java.util.concurrent.ThreadPoolExecutor$Worker.run(ThreadPoolExecutor.java:624)\r\n\tat org.apache.tomcat.util.threads.TaskThread$WrappingRunnable.run(TaskThread.java:61)\r\n\tat java.lang.Thread.run(Thread.java:748)\r\n','ERROR','me.zhengjie.modules.system.rest.DeptController.getDepts()','{ resources: DeptDTO(id=null, name=null, enabled=null, pid=null, children=null, createTime=null) }','193.169.100.166',9,'admin'),(4955,'2019-05-05 16:44:34','查询字典详情',NULL,'INFO','me.zhengjie.modules.system.rest.DictDetailController.getDictDetails()','{ resources: DictDetailDTO(id=null, label=null, value=null, sort=null, dictName=dept_status) pageable: Page request [number: 0, size 2000, sort: sort: ASC] }','193.169.100.166',99,'admin'),(4956,'2019-05-05 16:44:36','查询字典详情',NULL,'INFO','me.zhengjie.modules.system.rest.DictDetailController.getDictDetails()','{ resources: DictDetailDTO(id=null, label=null, value=null, sort=null, dictName=job_status) pageable: Page request [number: 0, size 2000, sort: sort: ASC] }','193.169.100.166',1,'admin'),(4957,'2019-05-05 16:44:36','查询岗位','me.zhengjie.exception.BadRequestException\r\n\tat me.zhengjie.aspect.DataScopeAspect.logAround(DataScopeAspect.java:51)\r\n\tat sun.reflect.NativeMethodAccessorImpl.invoke0(Native Method)\r\n\tat sun.reflect.NativeMethodAccessorImpl.invoke(NativeMethodAccessorImpl.java:62)\r\n\tat sun.reflect.DelegatingMethodAccessorImpl.invoke(DelegatingMethodAccessorImpl.java:43)\r\n\tat java.lang.reflect.Method.invoke(Method.java:498)\r\n\tat org.springframework.aop.aspectj.AbstractAspectJAdvice.invokeAdviceMethodWithGivenArgs(AbstractAspectJAdvice.java:644)\r\n\tat org.springframework.aop.aspectj.AbstractAspectJAdvice.invokeAdviceMethod(AbstractAspectJAdvice.java:633)\r\n\tat org.springframework.aop.aspectj.AspectJAroundAdvice.invoke(AspectJAroundAdvice.java:70)\r\n\tat org.springframework.aop.framework.ReflectiveMethodInvocation.proceed(ReflectiveMethodInvocation.java:175)\r\n\tat org.springframework.aop.aspectj.AspectJAfterThrowingAdvice.invoke(AspectJAfterThrowingAdvice.java:62)\r\n\tat org.springframework.aop.framework.ReflectiveMethodInvocation.proceed(ReflectiveMethodInvocation.java:175)\r\n\tat org.springframework.security.access.intercept.aopalliance.MethodSecurityInterceptor.invoke(MethodSecurityInterceptor.java:69)\r\n\tat org.springframework.aop.framework.ReflectiveMethodInvocation.proceed(ReflectiveMethodInvocation.java:186)\r\n\tat org.springframework.aop.interceptor.ExposeInvocationInterceptor.invoke(ExposeInvocationInterceptor.java:93)\r\n\tat org.springframework.aop.framework.ReflectiveMethodInvocation.proceed(ReflectiveMethodInvocation.java:186)\r\n\tat org.springframework.aop.framework.CglibAopProxy$DynamicAdvisedInterceptor.intercept(CglibAopProxy.java:688)\r\n\tat me.zhengjie.modules.system.rest.JobController$$EnhancerBySpringCGLIB$$20bbafab.getJobs(<generated>)\r\n\tat sun.reflect.NativeMethodAccessorImpl.invoke0(Native Method)\r\n\tat sun.reflect.NativeMethodAccessorImpl.invoke(NativeMethodAccessorImpl.java:62)\r\n\tat sun.reflect.DelegatingMethodAccessorImpl.invoke(DelegatingMethodAccessorImpl.java:43)\r\n\tat java.lang.reflect.Method.invoke(Method.java:498)\r\n\tat org.springframework.web.method.support.InvocableHandlerMethod.doInvoke(InvocableHandlerMethod.java:215)\r\n\tat org.springframework.web.method.support.InvocableHandlerMethod.invokeForRequest(InvocableHandlerMethod.java:142)\r\n\tat org.springframework.web.servlet.mvc.method.annotation.ServletInvocableHandlerMethod.invokeAndHandle(ServletInvocableHandlerMethod.java:102)\r\n\tat org.springframework.web.servlet.mvc.method.annotation.RequestMappingHandlerAdapter.invokeHandlerMethod(RequestMappingHandlerAdapter.java:895)\r\n\tat org.springframework.web.servlet.mvc.method.annotation.RequestMappingHandlerAdapter.handleInternal(RequestMappingHandlerAdapter.java:800)\r\n\tat org.springframework.web.servlet.mvc.method.AbstractHandlerMethodAdapter.handle(AbstractHandlerMethodAdapter.java:87)\r\n\tat org.springframework.web.servlet.DispatcherServlet.doDispatch(DispatcherServlet.java:1038)\r\n\tat org.springframework.web.servlet.DispatcherServlet.doService(DispatcherServlet.java:942)\r\n\tat org.springframework.web.servlet.FrameworkServlet.processRequest(FrameworkServlet.java:998)\r\n\tat org.springframework.web.servlet.FrameworkServlet.doGet(FrameworkServlet.java:890)\r\n\tat javax.servlet.http.HttpServlet.service(HttpServlet.java:634)\r\n\tat org.springframework.web.servlet.FrameworkServlet.service(FrameworkServlet.java:875)\r\n\tat javax.servlet.http.HttpServlet.service(HttpServlet.java:741)\r\n\tat org.apache.catalina.core.ApplicationFilterChain.internalDoFilter(ApplicationFilterChain.java:231)\r\n\tat org.apache.catalina.core.ApplicationFilterChain.doFilter(ApplicationFilterChain.java:166)\r\n\tat org.apache.tomcat.websocket.server.WsFilter.doFilter(WsFilter.java:53)\r\n\tat org.apache.catalina.core.ApplicationFilterChain.internalDoFilter(ApplicationFilterChain.java:193)\r\n\tat org.apache.catalina.core.ApplicationFilterChain.doFilter(ApplicationFilterChain.java:166)\r\n\tat org.springframework.web.filter.OncePerRequestFilter.doFilter(OncePerRequestFilter.java:101)\r\n\tat org.apache.catalina.core.ApplicationFilterChain.internalDoFilter(ApplicationFilterChain.java:193)\r\n\tat org.apache.catalina.core.ApplicationFilterChain.doFilter(ApplicationFilterChain.java:166)\r\n\tat com.alibaba.druid.support.http.WebStatFilter.doFilter(WebStatFilter.java:123)\r\n\tat org.apache.catalina.core.ApplicationFilterChain.internalDoFilter(ApplicationFilterChain.java:193)\r\n\tat org.apache.catalina.core.ApplicationFilterChain.doFilter(ApplicationFilterChain.java:166)\r\n\tat org.springframework.security.web.FilterChainProxy$VirtualFilterChain.doFilter(FilterChainProxy.java:320)\r\n\tat org.springframework.security.web.access.intercept.FilterSecurityInterceptor.invoke(FilterSecurityInterceptor.java:127)\r\n\tat org.springframework.security.web.access.intercept.FilterSecurityInterceptor.doFilter(FilterSecurityInterceptor.java:91)\r\n\tat org.springframework.security.web.FilterChainProxy$VirtualFilterChain.doFilter(FilterChainProxy.java:334)\r\n\tat org.springframework.security.web.access.ExceptionTranslationFilter.doFilter(ExceptionTranslationFilter.java:119)\r\n\tat org.springframework.security.web.FilterChainProxy$VirtualFilterChain.doFilter(FilterChainProxy.java:334)\r\n\tat org.springframework.security.web.session.SessionManagementFilter.doFilter(SessionManagementFilter.java:137)\r\n\tat org.springframework.security.web.FilterChainProxy$VirtualFilterChain.doFilter(FilterChainProxy.java:334)\r\n\tat org.springframework.security.web.authentication.AnonymousAuthenticationFilter.doFilter(AnonymousAuthenticationFilter.java:111)\r\n\tat org.springframework.security.web.FilterChainProxy$VirtualFilterChain.doFilter(FilterChainProxy.java:334)\r\n\tat org.springframework.security.web.servletapi.SecurityContextHolderAwareRequestFilter.doFilter(SecurityContextHolderAwareRequestFilter.java:170)\r\n\tat org.springframework.security.web.FilterChainProxy$VirtualFilterChain.doFilter(FilterChainProxy.java:334)\r\n\tat org.springframework.security.web.savedrequest.RequestCacheAwareFilter.doFilter(RequestCacheAwareFilter.java:63)\r\n\tat org.springframework.security.web.FilterChainProxy$VirtualFilterChain.doFilter(FilterChainProxy.java:334)\r\n\tat me.zhengjie.modules.security.security.JwtAuthorizationTokenFilter.doFilterInternal(JwtAuthorizationTokenFilter.java:68)\r\n\tat org.springframework.web.filter.OncePerRequestFilter.doFilter(OncePerRequestFilter.java:107)\r\n\tat org.springframework.security.web.FilterChainProxy$VirtualFilterChain.doFilter(FilterChainProxy.java:334)\r\n\tat org.springframework.security.web.authentication.logout.LogoutFilter.doFilter(LogoutFilter.java:116)\r\n\tat org.springframework.security.web.FilterChainProxy$VirtualFilterChain.doFilter(FilterChainProxy.java:334)\r\n\tat org.springframework.security.web.header.HeaderWriterFilter.doFilterInternal(HeaderWriterFilter.java:66)\r\n\tat org.springframework.web.filter.OncePerRequestFilter.doFilter(OncePerRequestFilter.java:107)\r\n\tat org.springframework.security.web.FilterChainProxy$VirtualFilterChain.doFilter(FilterChainProxy.java:334)\r\n\tat org.springframework.security.web.context.SecurityContextPersistenceFilter.doFilter(SecurityContextPersistenceFilter.java:105)\r\n\tat org.springframework.security.web.FilterChainProxy$VirtualFilterChain.doFilter(FilterChainProxy.java:334)\r\n\tat org.springframework.security.web.context.request.async.WebAsyncManagerIntegrationFilter.doFilterInternal(WebAsyncManagerIntegrationFilter.java:56)\r\n\tat org.springframework.web.filter.OncePerRequestFilter.doFilter(OncePerRequestFilter.java:107)\r\n\tat org.springframework.security.web.FilterChainProxy$VirtualFilterChain.doFilter(FilterChainProxy.java:334)\r\n\tat org.springframework.security.web.FilterChainProxy.doFilterInternal(FilterChainProxy.java:215)\r\n\tat org.springframework.security.web.FilterChainProxy.doFilter(FilterChainProxy.java:178)\r\n\tat org.springframework.web.filter.DelegatingFilterProxy.invokeDelegate(DelegatingFilterProxy.java:357)\r\n\tat org.springframework.web.filter.DelegatingFilterProxy.doFilter(DelegatingFilterProxy.java:270)\r\n\tat org.apache.catalina.core.ApplicationFilterChain.internalDoFilter(ApplicationFilterChain.java:193)\r\n\tat org.apache.catalina.core.ApplicationFilterChain.doFilter(ApplicationFilterChain.java:166)\r\n\tat org.springframework.web.filter.CharacterEncodingFilter.doFilterInternal(CharacterEncodingFilter.java:200)\r\n\tat org.springframework.web.filter.OncePerRequestFilter.doFilter(OncePerRequestFilter.java:107)\r\n\tat org.apache.catalina.core.ApplicationFilterChain.internalDoFilter(ApplicationFilterChain.java:193)\r\n\tat org.apache.catalina.core.ApplicationFilterChain.doFilter(ApplicationFilterChain.java:166)\r\n\tat org.apache.catalina.core.StandardWrapperValve.invoke(StandardWrapperValve.java:199)\r\n\tat org.apache.catalina.core.StandardContextValve.invoke(StandardContextValve.java:96)\r\n\tat org.apache.catalina.authenticator.AuthenticatorBase.invoke(AuthenticatorBase.java:490)\r\n\tat org.apache.catalina.core.StandardHostValve.invoke(StandardHostValve.java:139)\r\n\tat org.apache.catalina.valves.ErrorReportValve.invoke(ErrorReportValve.java:92)\r\n\tat org.apache.catalina.core.StandardEngineValve.invoke(StandardEngineValve.java:74)\r\n\tat org.apache.catalina.connector.CoyoteAdapter.service(CoyoteAdapter.java:343)\r\n\tat org.apache.coyote.http11.Http11Processor.service(Http11Processor.java:408)\r\n\tat org.apache.coyote.AbstractProcessorLight.process(AbstractProcessorLight.java:66)\r\n\tat org.apache.coyote.AbstractProtocol$ConnectionHandler.process(AbstractProtocol.java:770)\r\n\tat org.apache.tomcat.util.net.NioEndpoint$SocketProcessor.doRun(NioEndpoint.java:1415)\r\n\tat org.apache.tomcat.util.net.SocketProcessorBase.run(SocketProcessorBase.java:49)\r\n\tat java.util.concurrent.ThreadPoolExecutor.runWorker(ThreadPoolExecutor.java:1149)\r\n\tat java.util.concurrent.ThreadPoolExecutor$Worker.run(ThreadPoolExecutor.java:624)\r\n\tat org.apache.tomcat.util.threads.TaskThread$WrappingRunnable.run(TaskThread.java:61)\r\n\tat java.lang.Thread.run(Thread.java:748)\r\n','ERROR','me.zhengjie.modules.system.rest.JobController.getJobs()','{ name: null deptId: null enabled: null pageable: Page request [number: 0, size 10, sort: sort: ASC] }','193.169.100.166',8,'admin'),(4958,'2019-05-05 16:44:41','查询字典详情',NULL,'INFO','me.zhengjie.modules.system.rest.DictDetailController.getDictDetails()','{ resources: DictDetailDTO(id=null, label=null, value=null, sort=null, dictName=dept_status) pageable: Page request [number: 0, size 2000, sort: sort: ASC] }','193.169.100.166',5,'admin'),(4959,'2019-05-05 16:44:41','查询部门','me.zhengjie.exception.BadRequestException\r\n\tat me.zhengjie.aspect.DataScopeAspect.logAround(DataScopeAspect.java:51)\r\n\tat sun.reflect.NativeMethodAccessorImpl.invoke0(Native Method)\r\n\tat sun.reflect.NativeMethodAccessorImpl.invoke(NativeMethodAccessorImpl.java:62)\r\n\tat sun.reflect.DelegatingMethodAccessorImpl.invoke(DelegatingMethodAccessorImpl.java:43)\r\n\tat java.lang.reflect.Method.invoke(Method.java:498)\r\n\tat org.springframework.aop.aspectj.AbstractAspectJAdvice.invokeAdviceMethodWithGivenArgs(AbstractAspectJAdvice.java:644)\r\n\tat org.springframework.aop.aspectj.AbstractAspectJAdvice.invokeAdviceMethod(AbstractAspectJAdvice.java:633)\r\n\tat org.springframework.aop.aspectj.AspectJAroundAdvice.invoke(AspectJAroundAdvice.java:70)\r\n\tat org.springframework.aop.framework.ReflectiveMethodInvocation.proceed(ReflectiveMethodInvocation.java:175)\r\n\tat org.springframework.aop.aspectj.AspectJAfterThrowingAdvice.invoke(AspectJAfterThrowingAdvice.java:62)\r\n\tat org.springframework.aop.framework.ReflectiveMethodInvocation.proceed(ReflectiveMethodInvocation.java:175)\r\n\tat org.springframework.security.access.intercept.aopalliance.MethodSecurityInterceptor.invoke(MethodSecurityInterceptor.java:69)\r\n\tat org.springframework.aop.framework.ReflectiveMethodInvocation.proceed(ReflectiveMethodInvocation.java:186)\r\n\tat org.springframework.aop.interceptor.ExposeInvocationInterceptor.invoke(ExposeInvocationInterceptor.java:93)\r\n\tat org.springframework.aop.framework.ReflectiveMethodInvocation.proceed(ReflectiveMethodInvocation.java:186)\r\n\tat org.springframework.aop.framework.CglibAopProxy$DynamicAdvisedInterceptor.intercept(CglibAopProxy.java:688)\r\n\tat me.zhengjie.modules.system.rest.DeptController$$EnhancerBySpringCGLIB$$99974ddb.getDepts(<generated>)\r\n\tat sun.reflect.NativeMethodAccessorImpl.invoke0(Native Method)\r\n\tat sun.reflect.NativeMethodAccessorImpl.invoke(NativeMethodAccessorImpl.java:62)\r\n\tat sun.reflect.DelegatingMethodAccessorImpl.invoke(DelegatingMethodAccessorImpl.java:43)\r\n\tat java.lang.reflect.Method.invoke(Method.java:498)\r\n\tat org.springframework.web.method.support.InvocableHandlerMethod.doInvoke(InvocableHandlerMethod.java:215)\r\n\tat org.springframework.web.method.support.InvocableHandlerMethod.invokeForRequest(InvocableHandlerMethod.java:142)\r\n\tat org.springframework.web.servlet.mvc.method.annotation.ServletInvocableHandlerMethod.invokeAndHandle(ServletInvocableHandlerMethod.java:102)\r\n\tat org.springframework.web.servlet.mvc.method.annotation.RequestMappingHandlerAdapter.invokeHandlerMethod(RequestMappingHandlerAdapter.java:895)\r\n\tat org.springframework.web.servlet.mvc.method.annotation.RequestMappingHandlerAdapter.handleInternal(RequestMappingHandlerAdapter.java:800)\r\n\tat org.springframework.web.servlet.mvc.method.AbstractHandlerMethodAdapter.handle(AbstractHandlerMethodAdapter.java:87)\r\n\tat org.springframework.web.servlet.DispatcherServlet.doDispatch(DispatcherServlet.java:1038)\r\n\tat org.springframework.web.servlet.DispatcherServlet.doService(DispatcherServlet.java:942)\r\n\tat org.springframework.web.servlet.FrameworkServlet.processRequest(FrameworkServlet.java:998)\r\n\tat org.springframework.web.servlet.FrameworkServlet.doGet(FrameworkServlet.java:890)\r\n\tat javax.servlet.http.HttpServlet.service(HttpServlet.java:634)\r\n\tat org.springframework.web.servlet.FrameworkServlet.service(FrameworkServlet.java:875)\r\n\tat javax.servlet.http.HttpServlet.service(HttpServlet.java:741)\r\n\tat org.apache.catalina.core.ApplicationFilterChain.internalDoFilter(ApplicationFilterChain.java:231)\r\n\tat org.apache.catalina.core.ApplicationFilterChain.doFilter(ApplicationFilterChain.java:166)\r\n\tat org.apache.tomcat.websocket.server.WsFilter.doFilter(WsFilter.java:53)\r\n\tat org.apache.catalina.core.ApplicationFilterChain.internalDoFilter(ApplicationFilterChain.java:193)\r\n\tat org.apache.catalina.core.ApplicationFilterChain.doFilter(ApplicationFilterChain.java:166)\r\n\tat org.springframework.web.filter.OncePerRequestFilter.doFilter(OncePerRequestFilter.java:101)\r\n\tat org.apache.catalina.core.ApplicationFilterChain.internalDoFilter(ApplicationFilterChain.java:193)\r\n\tat org.apache.catalina.core.ApplicationFilterChain.doFilter(ApplicationFilterChain.java:166)\r\n\tat com.alibaba.druid.support.http.WebStatFilter.doFilter(WebStatFilter.java:123)\r\n\tat org.apache.catalina.core.ApplicationFilterChain.internalDoFilter(ApplicationFilterChain.java:193)\r\n\tat org.apache.catalina.core.ApplicationFilterChain.doFilter(ApplicationFilterChain.java:166)\r\n\tat org.springframework.security.web.FilterChainProxy$VirtualFilterChain.doFilter(FilterChainProxy.java:320)\r\n\tat org.springframework.security.web.access.intercept.FilterSecurityInterceptor.invoke(FilterSecurityInterceptor.java:127)\r\n\tat org.springframework.security.web.access.intercept.FilterSecurityInterceptor.doFilter(FilterSecurityInterceptor.java:91)\r\n\tat org.springframework.security.web.FilterChainProxy$VirtualFilterChain.doFilter(FilterChainProxy.java:334)\r\n\tat org.springframework.security.web.access.ExceptionTranslationFilter.doFilter(ExceptionTranslationFilter.java:119)\r\n\tat org.springframework.security.web.FilterChainProxy$VirtualFilterChain.doFilter(FilterChainProxy.java:334)\r\n\tat org.springframework.security.web.session.SessionManagementFilter.doFilter(SessionManagementFilter.java:137)\r\n\tat org.springframework.security.web.FilterChainProxy$VirtualFilterChain.doFilter(FilterChainProxy.java:334)\r\n\tat org.springframework.security.web.authentication.AnonymousAuthenticationFilter.doFilter(AnonymousAuthenticationFilter.java:111)\r\n\tat org.springframework.security.web.FilterChainProxy$VirtualFilterChain.doFilter(FilterChainProxy.java:334)\r\n\tat org.springframework.security.web.servletapi.SecurityContextHolderAwareRequestFilter.doFilter(SecurityContextHolderAwareRequestFilter.java:170)\r\n\tat org.springframework.security.web.FilterChainProxy$VirtualFilterChain.doFilter(FilterChainProxy.java:334)\r\n\tat org.springframework.security.web.savedrequest.RequestCacheAwareFilter.doFilter(RequestCacheAwareFilter.java:63)\r\n\tat org.springframework.security.web.FilterChainProxy$VirtualFilterChain.doFilter(FilterChainProxy.java:334)\r\n\tat me.zhengjie.modules.security.security.JwtAuthorizationTokenFilter.doFilterInternal(JwtAuthorizationTokenFilter.java:68)\r\n\tat org.springframework.web.filter.OncePerRequestFilter.doFilter(OncePerRequestFilter.java:107)\r\n\tat org.springframework.security.web.FilterChainProxy$VirtualFilterChain.doFilter(FilterChainProxy.java:334)\r\n\tat org.springframework.security.web.authentication.logout.LogoutFilter.doFilter(LogoutFilter.java:116)\r\n\tat org.springframework.security.web.FilterChainProxy$VirtualFilterChain.doFilter(FilterChainProxy.java:334)\r\n\tat org.springframework.security.web.header.HeaderWriterFilter.doFilterInternal(HeaderWriterFilter.java:66)\r\n\tat org.springframework.web.filter.OncePerRequestFilter.doFilter(OncePerRequestFilter.java:107)\r\n\tat org.springframework.security.web.FilterChainProxy$VirtualFilterChain.doFilter(FilterChainProxy.java:334)\r\n\tat org.springframework.security.web.context.SecurityContextPersistenceFilter.doFilter(SecurityContextPersistenceFilter.java:105)\r\n\tat org.springframework.security.web.FilterChainProxy$VirtualFilterChain.doFilter(FilterChainProxy.java:334)\r\n\tat org.springframework.security.web.context.request.async.WebAsyncManagerIntegrationFilter.doFilterInternal(WebAsyncManagerIntegrationFilter.java:56)\r\n\tat org.springframework.web.filter.OncePerRequestFilter.doFilter(OncePerRequestFilter.java:107)\r\n\tat org.springframework.security.web.FilterChainProxy$VirtualFilterChain.doFilter(FilterChainProxy.java:334)\r\n\tat org.springframework.security.web.FilterChainProxy.doFilterInternal(FilterChainProxy.java:215)\r\n\tat org.springframework.security.web.FilterChainProxy.doFilter(FilterChainProxy.java:178)\r\n\tat org.springframework.web.filter.DelegatingFilterProxy.invokeDelegate(DelegatingFilterProxy.java:357)\r\n\tat org.springframework.web.filter.DelegatingFilterProxy.doFilter(DelegatingFilterProxy.java:270)\r\n\tat org.apache.catalina.core.ApplicationFilterChain.internalDoFilter(ApplicationFilterChain.java:193)\r\n\tat org.apache.catalina.core.ApplicationFilterChain.doFilter(ApplicationFilterChain.java:166)\r\n\tat org.springframework.web.filter.CharacterEncodingFilter.doFilterInternal(CharacterEncodingFilter.java:200)\r\n\tat org.springframework.web.filter.OncePerRequestFilter.doFilter(OncePerRequestFilter.java:107)\r\n\tat org.apache.catalina.core.ApplicationFilterChain.internalDoFilter(ApplicationFilterChain.java:193)\r\n\tat org.apache.catalina.core.ApplicationFilterChain.doFilter(ApplicationFilterChain.java:166)\r\n\tat org.apache.catalina.core.StandardWrapperValve.invoke(StandardWrapperValve.java:199)\r\n\tat org.apache.catalina.core.StandardContextValve.invoke(StandardContextValve.java:96)\r\n\tat org.apache.catalina.authenticator.AuthenticatorBase.invoke(AuthenticatorBase.java:490)\r\n\tat org.apache.catalina.core.StandardHostValve.invoke(StandardHostValve.java:139)\r\n\tat org.apache.catalina.valves.ErrorReportValve.invoke(ErrorReportValve.java:92)\r\n\tat org.apache.catalina.core.StandardEngineValve.invoke(StandardEngineValve.java:74)\r\n\tat org.apache.catalina.connector.CoyoteAdapter.service(CoyoteAdapter.java:343)\r\n\tat org.apache.coyote.http11.Http11Processor.service(Http11Processor.java:408)\r\n\tat org.apache.coyote.AbstractProcessorLight.process(AbstractProcessorLight.java:66)\r\n\tat org.apache.coyote.AbstractProtocol$ConnectionHandler.process(AbstractProtocol.java:770)\r\n\tat org.apache.tomcat.util.net.NioEndpoint$SocketProcessor.doRun(NioEndpoint.java:1415)\r\n\tat org.apache.tomcat.util.net.SocketProcessorBase.run(SocketProcessorBase.java:49)\r\n\tat java.util.concurrent.ThreadPoolExecutor.runWorker(ThreadPoolExecutor.java:1149)\r\n\tat java.util.concurrent.ThreadPoolExecutor$Worker.run(ThreadPoolExecutor.java:624)\r\n\tat org.apache.tomcat.util.threads.TaskThread$WrappingRunnable.run(TaskThread.java:61)\r\n\tat java.lang.Thread.run(Thread.java:748)\r\n','ERROR','me.zhengjie.modules.system.rest.DeptController.getDepts()','{ resources: DeptDTO(id=null, name=null, enabled=null, pid=null, children=null, createTime=null) }','193.169.100.166',7,'admin'),(4960,'2019-05-05 16:44:43','查询字典详情',NULL,'INFO','me.zhengjie.modules.system.rest.DictDetailController.getDictDetails()','{ resources: DictDetailDTO(id=null, label=null, value=null, sort=null, dictName=job_status) pageable: Page request [number: 0, size 2000, sort: sort: ASC] }','193.169.100.166',1,'admin'),(4961,'2019-05-05 16:44:43','查询岗位','me.zhengjie.exception.BadRequestException\r\n\tat me.zhengjie.aspect.DataScopeAspect.logAround(DataScopeAspect.java:51)\r\n\tat sun.reflect.NativeMethodAccessorImpl.invoke0(Native Method)\r\n\tat sun.reflect.NativeMethodAccessorImpl.invoke(NativeMethodAccessorImpl.java:62)\r\n\tat sun.reflect.DelegatingMethodAccessorImpl.invoke(DelegatingMethodAccessorImpl.java:43)\r\n\tat java.lang.reflect.Method.invoke(Method.java:498)\r\n\tat org.springframework.aop.aspectj.AbstractAspectJAdvice.invokeAdviceMethodWithGivenArgs(AbstractAspectJAdvice.java:644)\r\n\tat org.springframework.aop.aspectj.AbstractAspectJAdvice.invokeAdviceMethod(AbstractAspectJAdvice.java:633)\r\n\tat org.springframework.aop.aspectj.AspectJAroundAdvice.invoke(AspectJAroundAdvice.java:70)\r\n\tat org.springframework.aop.framework.ReflectiveMethodInvocation.proceed(ReflectiveMethodInvocation.java:175)\r\n\tat org.springframework.aop.aspectj.AspectJAfterThrowingAdvice.invoke(AspectJAfterThrowingAdvice.java:62)\r\n\tat org.springframework.aop.framework.ReflectiveMethodInvocation.proceed(ReflectiveMethodInvocation.java:175)\r\n\tat org.springframework.security.access.intercept.aopalliance.MethodSecurityInterceptor.invoke(MethodSecurityInterceptor.java:69)\r\n\tat org.springframework.aop.framework.ReflectiveMethodInvocation.proceed(ReflectiveMethodInvocation.java:186)\r\n\tat org.springframework.aop.interceptor.ExposeInvocationInterceptor.invoke(ExposeInvocationInterceptor.java:93)\r\n\tat org.springframework.aop.framework.ReflectiveMethodInvocation.proceed(ReflectiveMethodInvocation.java:186)\r\n\tat org.springframework.aop.framework.CglibAopProxy$DynamicAdvisedInterceptor.intercept(CglibAopProxy.java:688)\r\n\tat me.zhengjie.modules.system.rest.JobController$$EnhancerBySpringCGLIB$$20bbafab.getJobs(<generated>)\r\n\tat sun.reflect.NativeMethodAccessorImpl.invoke0(Native Method)\r\n\tat sun.reflect.NativeMethodAccessorImpl.invoke(NativeMethodAccessorImpl.java:62)\r\n\tat sun.reflect.DelegatingMethodAccessorImpl.invoke(DelegatingMethodAccessorImpl.java:43)\r\n\tat java.lang.reflect.Method.invoke(Method.java:498)\r\n\tat org.springframework.web.method.support.InvocableHandlerMethod.doInvoke(InvocableHandlerMethod.java:215)\r\n\tat org.springframework.web.method.support.InvocableHandlerMethod.invokeForRequest(InvocableHandlerMethod.java:142)\r\n\tat org.springframework.web.servlet.mvc.method.annotation.ServletInvocableHandlerMethod.invokeAndHandle(ServletInvocableHandlerMethod.java:102)\r\n\tat org.springframework.web.servlet.mvc.method.annotation.RequestMappingHandlerAdapter.invokeHandlerMethod(RequestMappingHandlerAdapter.java:895)\r\n\tat org.springframework.web.servlet.mvc.method.annotation.RequestMappingHandlerAdapter.handleInternal(RequestMappingHandlerAdapter.java:800)\r\n\tat org.springframework.web.servlet.mvc.method.AbstractHandlerMethodAdapter.handle(AbstractHandlerMethodAdapter.java:87)\r\n\tat org.springframework.web.servlet.DispatcherServlet.doDispatch(DispatcherServlet.java:1038)\r\n\tat org.springframework.web.servlet.DispatcherServlet.doService(DispatcherServlet.java:942)\r\n\tat org.springframework.web.servlet.FrameworkServlet.processRequest(FrameworkServlet.java:998)\r\n\tat org.springframework.web.servlet.FrameworkServlet.doGet(FrameworkServlet.java:890)\r\n\tat javax.servlet.http.HttpServlet.service(HttpServlet.java:634)\r\n\tat org.springframework.web.servlet.FrameworkServlet.service(FrameworkServlet.java:875)\r\n\tat javax.servlet.http.HttpServlet.service(HttpServlet.java:741)\r\n\tat org.apache.catalina.core.ApplicationFilterChain.internalDoFilter(ApplicationFilterChain.java:231)\r\n\tat org.apache.catalina.core.ApplicationFilterChain.doFilter(ApplicationFilterChain.java:166)\r\n\tat org.apache.tomcat.websocket.server.WsFilter.doFilter(WsFilter.java:53)\r\n\tat org.apache.catalina.core.ApplicationFilterChain.internalDoFilter(ApplicationFilterChain.java:193)\r\n\tat org.apache.catalina.core.ApplicationFilterChain.doFilter(ApplicationFilterChain.java:166)\r\n\tat org.springframework.web.filter.OncePerRequestFilter.doFilter(OncePerRequestFilter.java:101)\r\n\tat org.apache.catalina.core.ApplicationFilterChain.internalDoFilter(ApplicationFilterChain.java:193)\r\n\tat org.apache.catalina.core.ApplicationFilterChain.doFilter(ApplicationFilterChain.java:166)\r\n\tat com.alibaba.druid.support.http.WebStatFilter.doFilter(WebStatFilter.java:123)\r\n\tat org.apache.catalina.core.ApplicationFilterChain.internalDoFilter(ApplicationFilterChain.java:193)\r\n\tat org.apache.catalina.core.ApplicationFilterChain.doFilter(ApplicationFilterChain.java:166)\r\n\tat org.springframework.security.web.FilterChainProxy$VirtualFilterChain.doFilter(FilterChainProxy.java:320)\r\n\tat org.springframework.security.web.access.intercept.FilterSecurityInterceptor.invoke(FilterSecurityInterceptor.java:127)\r\n\tat org.springframework.security.web.access.intercept.FilterSecurityInterceptor.doFilter(FilterSecurityInterceptor.java:91)\r\n\tat org.springframework.security.web.FilterChainProxy$VirtualFilterChain.doFilter(FilterChainProxy.java:334)\r\n\tat org.springframework.security.web.access.ExceptionTranslationFilter.doFilter(ExceptionTranslationFilter.java:119)\r\n\tat org.springframework.security.web.FilterChainProxy$VirtualFilterChain.doFilter(FilterChainProxy.java:334)\r\n\tat org.springframework.security.web.session.SessionManagementFilter.doFilter(SessionManagementFilter.java:137)\r\n\tat org.springframework.security.web.FilterChainProxy$VirtualFilterChain.doFilter(FilterChainProxy.java:334)\r\n\tat org.springframework.security.web.authentication.AnonymousAuthenticationFilter.doFilter(AnonymousAuthenticationFilter.java:111)\r\n\tat org.springframework.security.web.FilterChainProxy$VirtualFilterChain.doFilter(FilterChainProxy.java:334)\r\n\tat org.springframework.security.web.servletapi.SecurityContextHolderAwareRequestFilter.doFilter(SecurityContextHolderAwareRequestFilter.java:170)\r\n\tat org.springframework.security.web.FilterChainProxy$VirtualFilterChain.doFilter(FilterChainProxy.java:334)\r\n\tat org.springframework.security.web.savedrequest.RequestCacheAwareFilter.doFilter(RequestCacheAwareFilter.java:63)\r\n\tat org.springframework.security.web.FilterChainProxy$VirtualFilterChain.doFilter(FilterChainProxy.java:334)\r\n\tat me.zhengjie.modules.security.security.JwtAuthorizationTokenFilter.doFilterInternal(JwtAuthorizationTokenFilter.java:68)\r\n\tat org.springframework.web.filter.OncePerRequestFilter.doFilter(OncePerRequestFilter.java:107)\r\n\tat org.springframework.security.web.FilterChainProxy$VirtualFilterChain.doFilter(FilterChainProxy.java:334)\r\n\tat org.springframework.security.web.authentication.logout.LogoutFilter.doFilter(LogoutFilter.java:116)\r\n\tat org.springframework.security.web.FilterChainProxy$VirtualFilterChain.doFilter(FilterChainProxy.java:334)\r\n\tat org.springframework.security.web.header.HeaderWriterFilter.doFilterInternal(HeaderWriterFilter.java:66)\r\n\tat org.springframework.web.filter.OncePerRequestFilter.doFilter(OncePerRequestFilter.java:107)\r\n\tat org.springframework.security.web.FilterChainProxy$VirtualFilterChain.doFilter(FilterChainProxy.java:334)\r\n\tat org.springframework.security.web.context.SecurityContextPersistenceFilter.doFilter(SecurityContextPersistenceFilter.java:105)\r\n\tat org.springframework.security.web.FilterChainProxy$VirtualFilterChain.doFilter(FilterChainProxy.java:334)\r\n\tat org.springframework.security.web.context.request.async.WebAsyncManagerIntegrationFilter.doFilterInternal(WebAsyncManagerIntegrationFilter.java:56)\r\n\tat org.springframework.web.filter.OncePerRequestFilter.doFilter(OncePerRequestFilter.java:107)\r\n\tat org.springframework.security.web.FilterChainProxy$VirtualFilterChain.doFilter(FilterChainProxy.java:334)\r\n\tat org.springframework.security.web.FilterChainProxy.doFilterInternal(FilterChainProxy.java:215)\r\n\tat org.springframework.security.web.FilterChainProxy.doFilter(FilterChainProxy.java:178)\r\n\tat org.springframework.web.filter.DelegatingFilterProxy.invokeDelegate(DelegatingFilterProxy.java:357)\r\n\tat org.springframework.web.filter.DelegatingFilterProxy.doFilter(DelegatingFilterProxy.java:270)\r\n\tat org.apache.catalina.core.ApplicationFilterChain.internalDoFilter(ApplicationFilterChain.java:193)\r\n\tat org.apache.catalina.core.ApplicationFilterChain.doFilter(ApplicationFilterChain.java:166)\r\n\tat org.springframework.web.filter.CharacterEncodingFilter.doFilterInternal(CharacterEncodingFilter.java:200)\r\n\tat org.springframework.web.filter.OncePerRequestFilter.doFilter(OncePerRequestFilter.java:107)\r\n\tat org.apache.catalina.core.ApplicationFilterChain.internalDoFilter(ApplicationFilterChain.java:193)\r\n\tat org.apache.catalina.core.ApplicationFilterChain.doFilter(ApplicationFilterChain.java:166)\r\n\tat org.apache.catalina.core.StandardWrapperValve.invoke(StandardWrapperValve.java:199)\r\n\tat org.apache.catalina.core.StandardContextValve.invoke(StandardContextValve.java:96)\r\n\tat org.apache.catalina.authenticator.AuthenticatorBase.invoke(AuthenticatorBase.java:490)\r\n\tat org.apache.catalina.core.StandardHostValve.invoke(StandardHostValve.java:139)\r\n\tat org.apache.catalina.valves.ErrorReportValve.invoke(ErrorReportValve.java:92)\r\n\tat org.apache.catalina.core.StandardEngineValve.invoke(StandardEngineValve.java:74)\r\n\tat org.apache.catalina.connector.CoyoteAdapter.service(CoyoteAdapter.java:343)\r\n\tat org.apache.coyote.http11.Http11Processor.service(Http11Processor.java:408)\r\n\tat org.apache.coyote.AbstractProcessorLight.process(AbstractProcessorLight.java:66)\r\n\tat org.apache.coyote.AbstractProtocol$ConnectionHandler.process(AbstractProtocol.java:770)\r\n\tat org.apache.tomcat.util.net.NioEndpoint$SocketProcessor.doRun(NioEndpoint.java:1415)\r\n\tat org.apache.tomcat.util.net.SocketProcessorBase.run(SocketProcessorBase.java:49)\r\n\tat java.util.concurrent.ThreadPoolExecutor.runWorker(ThreadPoolExecutor.java:1149)\r\n\tat java.util.concurrent.ThreadPoolExecutor$Worker.run(ThreadPoolExecutor.java:624)\r\n\tat org.apache.tomcat.util.threads.TaskThread$WrappingRunnable.run(TaskThread.java:61)\r\n\tat java.lang.Thread.run(Thread.java:748)\r\n','ERROR','me.zhengjie.modules.system.rest.JobController.getJobs()','{ name: null deptId: null enabled: null pageable: Page request [number: 0, size 10, sort: sort: ASC] }','193.169.100.166',4,'admin'),(4962,'2019-05-05 16:44:48','查询Redis缓存',NULL,'INFO','me.zhengjie.modules.monitor.rest.RedisController.getRedis()','{ key: * pageable: Page request [number: 0, size 10, sort: UNSORTED] }','193.169.100.166',46,'admin'),(4963,'2019-05-05 16:44:52','删除Redis缓存',NULL,'INFO','me.zhengjie.modules.monitor.rest.RedisController.delete()','{ resources: RedisVo(key=dictDetail::me.zhengjie.modules.system.service.query.DictDetailQueryServicequeryAll-741425743-1233296909, value=null) }','193.169.100.166',1,'admin'),(4964,'2019-05-05 16:44:52','查询Redis缓存',NULL,'INFO','me.zhengjie.modules.monitor.rest.RedisController.getRedis()','{ key: * pageable: Page request [number: 0, size 10, sort: UNSORTED] }','193.169.100.166',3,'admin'),(4965,'2019-05-05 16:44:54','删除Redis缓存',NULL,'INFO','me.zhengjie.modules.monitor.rest.RedisController.delete()','{ resources: RedisVo(key=permission::pid:0, value=null) }','193.169.100.166',1,'admin'),(4966,'2019-05-05 16:44:54','查询Redis缓存',NULL,'INFO','me.zhengjie.modules.monitor.rest.RedisController.getRedis()','{ key: * pageable: Page request [number: 0, size 10, sort: UNSORTED] }','193.169.100.166',1,'admin'),(4967,'2019-05-05 16:44:55','删除Redis缓存',NULL,'INFO','me.zhengjie.modules.monitor.rest.RedisController.delete()','{ resources: RedisVo(key=role::me.zhengjie.modules.system.service.impl.RoleServiceImplfindByUsers_Id49, value=null) }','193.169.100.166',1,'admin'),(4968,'2019-05-05 16:44:56','查询Redis缓存',NULL,'INFO','me.zhengjie.modules.monitor.rest.RedisController.getRedis()','{ key: * pageable: Page request [number: 0, size 10, sort: UNSORTED] }','193.169.100.166',2,'admin'),(4969,'2019-05-05 16:44:58','删除Redis缓存',NULL,'INFO','me.zhengjie.modules.monitor.rest.RedisController.delete()','{ resources: RedisVo(key=userTest::me.zhengjie.modules.test.service.query.UserTestQueryServicequeryAll3938-1807834284, value=null) }','193.169.100.166',0,'admin'),(4970,'2019-05-05 16:44:58','查询Redis缓存',NULL,'INFO','me.zhengjie.modules.monitor.rest.RedisController.getRedis()','{ key: * pageable: Page request [number: 0, size 10, sort: UNSORTED] }','193.169.100.166',1,'admin'),(4971,'2019-05-05 16:44:59','删除Redis缓存',NULL,'INFO','me.zhengjie.modules.monitor.rest.RedisController.delete()','{ resources: RedisVo(key=permission::tree, value=null) }','193.169.100.166',0,'admin'),(4972,'2019-05-05 16:44:59','查询Redis缓存',NULL,'INFO','me.zhengjie.modules.monitor.rest.RedisController.getRedis()','{ key: * pageable: Page request [number: 0, size 10, sort: UNSORTED] }','193.169.100.166',1,'admin'),(4973,'2019-05-05 16:45:00','删除Redis缓存',NULL,'INFO','me.zhengjie.modules.monitor.rest.RedisController.delete()','{ resources: RedisVo(key=user::loadUserByUsername:admin, value=null) }','193.169.100.166',0,'admin'),(4974,'2019-05-05 16:45:00','查询Redis缓存',NULL,'INFO','me.zhengjie.modules.monitor.rest.RedisController.getRedis()','{ key: * pageable: Page request [number: 0, size 10, sort: UNSORTED] }','193.169.100.166',1,'admin'),(4975,'2019-05-05 16:45:02','删除Redis缓存',NULL,'INFO','me.zhengjie.modules.monitor.rest.RedisController.delete()','{ resources: RedisVo(key=user::loadUserByUsername:admin, value=null) }','193.169.100.166',0,'admin'),(4976,'2019-05-05 16:45:02','查询Redis缓存',NULL,'INFO','me.zhengjie.modules.monitor.rest.RedisController.getRedis()','{ key: * pageable: Page request [number: 0, size 10, sort: UNSORTED] }','193.169.100.166',1,'admin'),(4977,'2019-05-05 16:45:03','删除Redis缓存',NULL,'INFO','me.zhengjie.modules.monitor.rest.RedisController.delete()','{ resources: RedisVo(key=user::loadUserByUsername:admin, value=null) }','193.169.100.166',0,'admin'),(4978,'2019-05-05 16:45:03','查询Redis缓存',NULL,'INFO','me.zhengjie.modules.monitor.rest.RedisController.getRedis()','{ key: * pageable: Page request [number: 0, size 10, sort: UNSORTED] }','193.169.100.166',1,'admin'),(4979,'2019-05-05 16:45:05','删除Redis缓存',NULL,'INFO','me.zhengjie.modules.monitor.rest.RedisController.delete()','{ resources: RedisVo(key=role::loadPermissionByUser:admin, value=null) }','193.169.100.166',1,'admin'),(4980,'2019-05-05 16:45:05','查询Redis缓存',NULL,'INFO','me.zhengjie.modules.monitor.rest.RedisController.getRedis()','{ key: * pageable: Page request [number: 0, size 10, sort: UNSORTED] }','193.169.100.166',1,'admin'),(4981,'2019-05-05 16:45:07','删除Redis缓存',NULL,'INFO','me.zhengjie.modules.monitor.rest.RedisController.delete()','{ resources: RedisVo(key=dictDetail::me.zhengjie.modules.system.service.query.DictDetailQueryServicequeryAll-1074603611-1233296909, value=null) }','193.169.100.166',0,'admin'),(4982,'2019-05-05 16:45:07','查询Redis缓存',NULL,'INFO','me.zhengjie.modules.monitor.rest.RedisController.getRedis()','{ key: * pageable: Page request [number: 0, size 10, sort: UNSORTED] }','193.169.100.166',1,'admin'),(4983,'2019-05-05 16:45:09','删除Redis缓存',NULL,'INFO','me.zhengjie.modules.monitor.rest.RedisController.delete()','{ resources: RedisVo(key=role::loadPermissionByUser:admin, value=null) }','193.169.100.166',0,'admin'),(4984,'2019-05-05 16:45:09','查询Redis缓存',NULL,'INFO','me.zhengjie.modules.monitor.rest.RedisController.getRedis()','{ key: * pageable: Page request [number: 0, size 10, sort: UNSORTED] }','193.169.100.166',2,'admin'),(4985,'2019-05-05 16:45:10','删除Redis缓存',NULL,'INFO','me.zhengjie.modules.monitor.rest.RedisController.delete()','{ resources: RedisVo(key=user::loadUserByUsername:admin, value=null) }','193.169.100.166',0,'admin'),(4986,'2019-05-05 16:45:10','查询Redis缓存',NULL,'INFO','me.zhengjie.modules.monitor.rest.RedisController.getRedis()','{ key: * pageable: Page request [number: 0, size 10, sort: UNSORTED] }','193.169.100.166',0,'admin'),(4987,'2019-05-05 16:45:14','查询Redis缓存',NULL,'INFO','me.zhengjie.modules.monitor.rest.RedisController.getRedis()','{ key: * pageable: Page request [number: 0, size 10, sort: UNSORTED] }','193.169.100.166',2,'admin'),(4988,'2019-05-05 16:45:18','查询字典详情',NULL,'INFO','me.zhengjie.modules.system.rest.DictDetailController.getDictDetails()','{ resources: DictDetailDTO(id=null, label=null, value=null, sort=null, dictName=dept_status) pageable: Page request [number: 0, size 2000, sort: sort: ASC] }','193.169.100.166',8,'admin'),(4989,'2019-05-05 16:45:18','查询部门',NULL,'INFO','me.zhengjie.modules.system.rest.DeptController.getDepts()','{ resources: DeptDTO(id=null, name=null, enabled=null, pid=null, children=null, createTime=null) }','193.169.100.166',23,'admin'),(4990,'2019-05-05 16:45:21','查询字典详情',NULL,'INFO','me.zhengjie.modules.system.rest.DictDetailController.getDictDetails()','{ resources: DictDetailDTO(id=null, label=null, value=null, sort=null, dictName=job_status) pageable: Page request [number: 0, size 2000, sort: sort: ASC] }','193.169.100.166',4,'admin'),(4991,'2019-05-05 16:45:21','查询岗位',NULL,'INFO','me.zhengjie.modules.system.rest.JobController.getJobs()','{ name: null deptId: null enabled: null pageable: Page request [number: 0, size 10, sort: sort: ASC] }','193.169.100.166',25,'admin'),(4992,'2019-05-05 16:45:23','查询字典',NULL,'INFO','me.zhengjie.modules.system.rest.DictController.getDicts()','{ resources: DictDTO(id=null, name=null, remark=null) pageable: Page request [number: 0, size 10, sort: id: DESC] }','193.169.100.166',12,'admin'),(4993,'2019-05-05 16:45:27','查询字典详情',NULL,'INFO','me.zhengjie.modules.system.rest.DictDetailController.getDictDetails()','{ resources: DictDetailDTO(id=null, label=null, value=null, sort=null, dictName=dept_status) pageable: Page request [number: 0, size 10, sort: sort: ASC] }','193.169.100.166',12,'admin'),(4994,'2019-05-05 16:58:56','查询菜单',NULL,'INFO','me.zhengjie.modules.system.rest.MenuController.getMenus()','{ name: null }','193.169.100.166',73,'admin'),(4995,'2019-05-05 17:01:57','新增菜单',NULL,'INFO','me.zhengjie.modules.system.rest.MenuController.create()','{ resources: me.zhengjie.modules.system.domain.Menu@4157f3b6 }','193.169.100.166',41,'admin'),(4996,'2019-05-05 17:01:57','查询菜单',NULL,'INFO','me.zhengjie.modules.system.rest.MenuController.getMenus()','{ name: null }','193.169.100.166',6,'admin'),(4997,'2019-05-05 17:03:16','新增菜单',NULL,'INFO','me.zhengjie.modules.system.rest.MenuController.create()','{ resources: me.zhengjie.modules.system.domain.Menu@9f1018 }','193.169.100.166',23,'admin'),(4998,'2019-05-05 17:03:16','查询菜单',NULL,'INFO','me.zhengjie.modules.system.rest.MenuController.getMenus()','{ name: null }','193.169.100.166',7,'admin'),(4999,'2019-05-05 17:03:28','查询角色',NULL,'INFO','me.zhengjie.modules.system.rest.RoleController.getRoles()','{ name: null pageable: Page request [number: 0, size 10, sort: id: DESC] }','193.169.100.166',58,'admin'),(5000,'2019-05-05 17:03:36','查询菜单',NULL,'INFO','me.zhengjie.modules.system.rest.MenuController.getMenus()','{ name: null }','193.169.100.166',7,'admin'),(5001,'2019-05-05 17:03:42','查询菜单',NULL,'INFO','me.zhengjie.modules.system.rest.MenuController.getMenus()','{ name: null }','193.169.100.166',1,'admin'),(5002,'2019-05-05 17:04:34','查询权限',NULL,'INFO','me.zhengjie.modules.system.rest.PermissionController.getPermissions()','{ name: null }','193.169.100.166',50,'admin'),(5003,'2019-05-05 17:05:13','新增权限',NULL,'INFO','me.zhengjie.modules.system.rest.PermissionController.create()','{ resources: Permission{id=55, name=\'微信管理\', pid=0, alias=\'WEIXIN_ALL\', createTime=2019-05-05 17:05:13.86} }','193.169.100.166',28,'admin'),(5004,'2019-05-05 17:05:13','查询权限',NULL,'INFO','me.zhengjie.modules.system.rest.PermissionController.getPermissions()','{ name: null }','193.169.100.166',8,'admin'),(5005,'2019-05-05 17:05:33','修改权限',NULL,'INFO','me.zhengjie.modules.system.rest.PermissionController.update()','{ resources: Permission{id=55, name=\'WEIXIN_ALL\', pid=0, alias=\'微信管理\', createTime=null} }','193.169.100.166',21,'admin'),(5006,'2019-05-05 17:05:33','查询权限',NULL,'INFO','me.zhengjie.modules.system.rest.PermissionController.getPermissions()','{ name: null }','193.169.100.166',6,'admin'),(5007,'2019-05-05 17:05:40','查询角色',NULL,'INFO','me.zhengjie.modules.system.rest.RoleController.getRoles()','{ name: null pageable: Page request [number: 0, size 10, sort: id: DESC] }','193.169.100.166',15,'admin'),(5008,'2019-05-05 17:05:51','修改角色菜单',NULL,'INFO','me.zhengjie.modules.system.rest.RoleController.updateMenu()','{ resources: Role{id=1, name=\'null\', remark=\'null\', createDateTime=null} }','193.169.100.166',41,'admin'),(5009,'2019-05-05 17:06:02','查询角色',NULL,'INFO','me.zhengjie.modules.system.rest.RoleController.getRoles()','{ name: null pageable: Page request [number: 0, size 10, sort: id: DESC] }','193.169.100.166',20,'admin'),(5010,'2019-05-05 17:06:05','查询UserTest','me.zhengjie.exception.BadRequestException: could not extract ResultSet; SQL [n/a]; nested exception is org.hibernate.exception.SQLGrammarException: could not extract ResultSet\r\n\tat me.zhengjie.aspect.DataScopeAspect.logAround(DataScopeAspect.java:51)\r\n\tat sun.reflect.GeneratedMethodAccessor229.invoke(Unknown Source)\r\n\tat sun.reflect.DelegatingMethodAccessorImpl.invoke(DelegatingMethodAccessorImpl.java:43)\r\n\tat java.lang.reflect.Method.invoke(Method.java:498)\r\n\tat org.springframework.aop.aspectj.AbstractAspectJAdvice.invokeAdviceMethodWithGivenArgs(AbstractAspectJAdvice.java:644)\r\n\tat org.springframework.aop.aspectj.AbstractAspectJAdvice.invokeAdviceMethod(AbstractAspectJAdvice.java:633)\r\n\tat org.springframework.aop.aspectj.AspectJAroundAdvice.invoke(AspectJAroundAdvice.java:70)\r\n\tat org.springframework.aop.framework.ReflectiveMethodInvocation.proceed(ReflectiveMethodInvocation.java:175)\r\n\tat org.springframework.aop.aspectj.AspectJAfterThrowingAdvice.invoke(AspectJAfterThrowingAdvice.java:62)\r\n\tat org.springframework.aop.framework.ReflectiveMethodInvocation.proceed(ReflectiveMethodInvocation.java:175)\r\n\tat org.springframework.security.access.intercept.aopalliance.MethodSecurityInterceptor.invoke(MethodSecurityInterceptor.java:69)\r\n\tat org.springframework.aop.framework.ReflectiveMethodInvocation.proceed(ReflectiveMethodInvocation.java:186)\r\n\tat org.springframework.aop.interceptor.ExposeInvocationInterceptor.invoke(ExposeInvocationInterceptor.java:93)\r\n\tat org.springframework.aop.framework.ReflectiveMethodInvocation.proceed(ReflectiveMethodInvocation.java:186)\r\n\tat org.springframework.aop.framework.CglibAopProxy$DynamicAdvisedInterceptor.intercept(CglibAopProxy.java:688)\r\n\tat me.zhengjie.modules.test.rest.UserTestController$$EnhancerBySpringCGLIB$$dae1e7cc.getUserTests(<generated>)\r\n\tat sun.reflect.NativeMethodAccessorImpl.invoke0(Native Method)\r\n\tat sun.reflect.NativeMethodAccessorImpl.invoke(NativeMethodAccessorImpl.java:62)\r\n\tat sun.reflect.DelegatingMethodAccessorImpl.invoke(DelegatingMethodAccessorImpl.java:43)\r\n\tat java.lang.reflect.Method.invoke(Method.java:498)\r\n\tat org.springframework.web.method.support.InvocableHandlerMethod.doInvoke(InvocableHandlerMethod.java:215)\r\n\tat org.springframework.web.method.support.InvocableHandlerMethod.invokeForRequest(InvocableHandlerMethod.java:142)\r\n\tat org.springframework.web.servlet.mvc.method.annotation.ServletInvocableHandlerMethod.invokeAndHandle(ServletInvocableHandlerMethod.java:102)\r\n\tat org.springframework.web.servlet.mvc.method.annotation.RequestMappingHandlerAdapter.invokeHandlerMethod(RequestMappingHandlerAdapter.java:895)\r\n\tat org.springframework.web.servlet.mvc.method.annotation.RequestMappingHandlerAdapter.handleInternal(RequestMappingHandlerAdapter.java:800)\r\n\tat org.springframework.web.servlet.mvc.method.AbstractHandlerMethodAdapter.handle(AbstractHandlerMethodAdapter.java:87)\r\n\tat org.springframework.web.servlet.DispatcherServlet.doDispatch(DispatcherServlet.java:1038)\r\n\tat org.springframework.web.servlet.DispatcherServlet.doService(DispatcherServlet.java:942)\r\n\tat org.springframework.web.servlet.FrameworkServlet.processRequest(FrameworkServlet.java:998)\r\n\tat org.springframework.web.servlet.FrameworkServlet.doGet(FrameworkServlet.java:890)\r\n\tat javax.servlet.http.HttpServlet.service(HttpServlet.java:634)\r\n\tat org.springframework.web.servlet.FrameworkServlet.service(FrameworkServlet.java:875)\r\n\tat javax.servlet.http.HttpServlet.service(HttpServlet.java:741)\r\n\tat org.apache.catalina.core.ApplicationFilterChain.internalDoFilter(ApplicationFilterChain.java:231)\r\n\tat org.apache.catalina.core.ApplicationFilterChain.doFilter(ApplicationFilterChain.java:166)\r\n\tat org.apache.tomcat.websocket.server.WsFilter.doFilter(WsFilter.java:53)\r\n\tat org.apache.catalina.core.ApplicationFilterChain.internalDoFilter(ApplicationFilterChain.java:193)\r\n\tat org.apache.catalina.core.ApplicationFilterChain.doFilter(ApplicationFilterChain.java:166)\r\n\tat org.springframework.web.filter.OncePerRequestFilter.doFilter(OncePerRequestFilter.java:101)\r\n\tat org.apache.catalina.core.ApplicationFilterChain.internalDoFilter(ApplicationFilterChain.java:193)\r\n\tat org.apache.catalina.core.ApplicationFilterChain.doFilter(ApplicationFilterChain.java:166)\r\n\tat com.alibaba.druid.support.http.WebStatFilter.doFilter(WebStatFilter.java:123)\r\n\tat org.apache.catalina.core.ApplicationFilterChain.internalDoFilter(ApplicationFilterChain.java:193)\r\n\tat org.apache.catalina.core.ApplicationFilterChain.doFilter(ApplicationFilterChain.java:166)\r\n\tat org.springframework.security.web.FilterChainProxy$VirtualFilterChain.doFilter(FilterChainProxy.java:320)\r\n\tat org.springframework.security.web.access.intercept.FilterSecurityInterceptor.invoke(FilterSecurityInterceptor.java:127)\r\n\tat org.springframework.security.web.access.intercept.FilterSecurityInterceptor.doFilter(FilterSecurityInterceptor.java:91)\r\n\tat org.springframework.security.web.FilterChainProxy$VirtualFilterChain.doFilter(FilterChainProxy.java:334)\r\n\tat org.springframework.security.web.access.ExceptionTranslationFilter.doFilter(ExceptionTranslationFilter.java:119)\r\n\tat org.springframework.security.web.FilterChainProxy$VirtualFilterChain.doFilter(FilterChainProxy.java:334)\r\n\tat org.springframework.security.web.session.SessionManagementFilter.doFilter(SessionManagementFilter.java:137)\r\n\tat org.springframework.security.web.FilterChainProxy$VirtualFilterChain.doFilter(FilterChainProxy.java:334)\r\n\tat org.springframework.security.web.authentication.AnonymousAuthenticationFilter.doFilter(AnonymousAuthenticationFilter.java:111)\r\n\tat org.springframework.security.web.FilterChainProxy$VirtualFilterChain.doFilter(FilterChainProxy.java:334)\r\n\tat org.springframework.security.web.servletapi.SecurityContextHolderAwareRequestFilter.doFilter(SecurityContextHolderAwareRequestFilter.java:170)\r\n\tat org.springframework.security.web.FilterChainProxy$VirtualFilterChain.doFilter(FilterChainProxy.java:334)\r\n\tat org.springframework.security.web.savedrequest.RequestCacheAwareFilter.doFilter(RequestCacheAwareFilter.java:63)\r\n\tat org.springframework.security.web.FilterChainProxy$VirtualFilterChain.doFilter(FilterChainProxy.java:334)\r\n\tat me.zhengjie.modules.security.security.JwtAuthorizationTokenFilter.doFilterInternal(JwtAuthorizationTokenFilter.java:68)\r\n\tat org.springframework.web.filter.OncePerRequestFilter.doFilter(OncePerRequestFilter.java:107)\r\n\tat org.springframework.security.web.FilterChainProxy$VirtualFilterChain.doFilter(FilterChainProxy.java:334)\r\n\tat org.springframework.security.web.authentication.logout.LogoutFilter.doFilter(LogoutFilter.java:116)\r\n\tat org.springframework.security.web.FilterChainProxy$VirtualFilterChain.doFilter(FilterChainProxy.java:334)\r\n\tat org.springframework.security.web.header.HeaderWriterFilter.doFilterInternal(HeaderWriterFilter.java:66)\r\n\tat org.springframework.web.filter.OncePerRequestFilter.doFilter(OncePerRequestFilter.java:107)\r\n\tat org.springframework.security.web.FilterChainProxy$VirtualFilterChain.doFilter(FilterChainProxy.java:334)\r\n\tat org.springframework.security.web.context.SecurityContextPersistenceFilter.doFilter(SecurityContextPersistenceFilter.java:105)\r\n\tat org.springframework.security.web.FilterChainProxy$VirtualFilterChain.doFilter(FilterChainProxy.java:334)\r\n\tat org.springframework.security.web.context.request.async.WebAsyncManagerIntegrationFilter.doFilterInternal(WebAsyncManagerIntegrationFilter.java:56)\r\n\tat org.springframework.web.filter.OncePerRequestFilter.doFilter(OncePerRequestFilter.java:107)\r\n\tat org.springframework.security.web.FilterChainProxy$VirtualFilterChain.doFilter(FilterChainProxy.java:334)\r\n\tat org.springframework.security.web.FilterChainProxy.doFilterInternal(FilterChainProxy.java:215)\r\n\tat org.springframework.security.web.FilterChainProxy.doFilter(FilterChainProxy.java:178)\r\n\tat org.springframework.web.filter.DelegatingFilterProxy.invokeDelegate(DelegatingFilterProxy.java:357)\r\n\tat org.springframework.web.filter.DelegatingFilterProxy.doFilter(DelegatingFilterProxy.java:270)\r\n\tat org.apache.catalina.core.ApplicationFilterChain.internalDoFilter(ApplicationFilterChain.java:193)\r\n\tat org.apache.catalina.core.ApplicationFilterChain.doFilter(ApplicationFilterChain.java:166)\r\n\tat org.springframework.web.filter.CharacterEncodingFilter.doFilterInternal(CharacterEncodingFilter.java:200)\r\n\tat org.springframework.web.filter.OncePerRequestFilter.doFilter(OncePerRequestFilter.java:107)\r\n\tat org.apache.catalina.core.ApplicationFilterChain.internalDoFilter(ApplicationFilterChain.java:193)\r\n\tat org.apache.catalina.core.ApplicationFilterChain.doFilter(ApplicationFilterChain.java:166)\r\n\tat org.apache.catalina.core.StandardWrapperValve.invoke(StandardWrapperValve.java:199)\r\n\tat org.apache.catalina.core.StandardContextValve.invoke(StandardContextValve.java:96)\r\n\tat org.apache.catalina.authenticator.AuthenticatorBase.invoke(AuthenticatorBase.java:490)\r\n\tat org.apache.catalina.core.StandardHostValve.invoke(StandardHostValve.java:139)\r\n\tat org.apache.catalina.valves.ErrorReportValve.invoke(ErrorReportValve.java:92)\r\n\tat org.apache.catalina.core.StandardEngineValve.invoke(StandardEngineValve.java:74)\r\n\tat org.apache.catalina.connector.CoyoteAdapter.service(CoyoteAdapter.java:343)\r\n\tat org.apache.coyote.http11.Http11Processor.service(Http11Processor.java:408)\r\n\tat org.apache.coyote.AbstractProcessorLight.process(AbstractProcessorLight.java:66)\r\n\tat org.apache.coyote.AbstractProtocol$ConnectionHandler.process(AbstractProtocol.java:770)\r\n\tat org.apache.tomcat.util.net.NioEndpoint$SocketProcessor.doRun(NioEndpoint.java:1415)\r\n\tat org.apache.tomcat.util.net.SocketProcessorBase.run(SocketProcessorBase.java:49)\r\n\tat java.util.concurrent.ThreadPoolExecutor.runWorker(ThreadPoolExecutor.java:1149)\r\n\tat java.util.concurrent.ThreadPoolExecutor$Worker.run(ThreadPoolExecutor.java:624)\r\n\tat org.apache.tomcat.util.threads.TaskThread$WrappingRunnable.run(TaskThread.java:61)\r\n\tat java.lang.Thread.run(Thread.java:748)\r\n','ERROR','me.zhengjie.modules.test.rest.UserTestController.getUserTests()','{ resources: UserTestDTO(id=null, employeeid=null, phone=null, name=null, sign=null, nickname=null, avatarurl=null, gender=null, openid=null, updatetime=null, signMessage=null, dengji=null, biaoji=null, sex=null) pageable: Page request [number: 0, size 10, sort: id: DESC] }','193.169.100.166',66,'admin'),(5011,'2019-05-05 17:19:44','查询UserTest',NULL,'INFO','me.zhengjie.modules.test.rest.UserTestController.getUserTests()','{ resources: UserTestDTO(id=null, employeeid=null, phone=null, name=null, sign=null, nickname=null, avatarurl=null, gender=null, openid=null, updatetime=null, signMessage=null, dengji=null, biaoji=null, sex=null) pageable: Page request [number: 0, size 10, sort: id: DESC] }','193.169.100.166',768678,'admin'),(5012,'2019-05-05 17:20:32','查询UserTest',NULL,'INFO','me.zhengjie.modules.test.rest.UserTestController.getUserTests()','{ resources: UserTestDTO(id=null, employeeid=null, phone=null, name=null, sign=null, nickname=null, avatarurl=null, gender=null, openid=null, updatetime=null, signMessage=null, dengji=null, biaoji=null, sex=null) pageable: Page request [number: 0, size 10, sort: id: DESC] }','193.169.100.166',4,'admin'),(5013,'2019-05-05 17:20:41','查询权限',NULL,'INFO','me.zhengjie.modules.system.rest.PermissionController.getPermissions()','{ name: null }','193.169.100.166',2,'admin'),(5014,'2019-05-05 17:20:44','查询菜单',NULL,'INFO','me.zhengjie.modules.system.rest.MenuController.getMenus()','{ name: null }','193.169.100.166',1,'admin'),(5015,'2019-05-05 17:21:13','修改菜单',NULL,'INFO','me.zhengjie.modules.system.rest.MenuController.update()','{ resources: me.zhengjie.modules.system.domain.Menu@435545a3 }','193.169.100.166',24,'admin'),(5016,'2019-05-05 17:21:13','查询菜单',NULL,'INFO','me.zhengjie.modules.system.rest.MenuController.getMenus()','{ name: null }','193.169.100.166',4,'admin'),(5017,'2019-05-05 17:21:19','修改菜单',NULL,'INFO','me.zhengjie.modules.system.rest.MenuController.update()','{ resources: me.zhengjie.modules.system.domain.Menu@16df4a02 }','193.169.100.166',24,'admin'),(5018,'2019-05-05 17:21:19','查询菜单',NULL,'INFO','me.zhengjie.modules.system.rest.MenuController.getMenus()','{ name: null }','193.169.100.166',7,'admin'),(5019,'2019-05-05 17:21:22','查询菜单',NULL,'INFO','me.zhengjie.modules.system.rest.MenuController.getMenus()','{ name: null }','193.169.100.166',0,'admin'),(5020,'2019-05-05 17:21:30','查询UserTest',NULL,'INFO','me.zhengjie.modules.test.rest.UserTestController.getUserTests()','{ resources: UserTestDTO(id=null, employeeid=null, phone=null, name=null, sign=null, nickname=null, avatarurl=null, gender=null, openid=null, updatetime=null, signMessage=null, dengji=null, biaoji=null, sex=null) pageable: Page request [number: 0, size 10, sort: id: DESC] }','193.169.100.166',1,'admin'),(5021,'2019-05-05 17:24:51','查询UserTest',NULL,'INFO','me.zhengjie.modules.test.rest.UserTestController.getUserTests()','{ resources: UserTestDTO(id=null, employeeid=null, phone=null, name=null, sign=null, nickname=null, avatarurl=null, gender=null, openid=null, updatetime=null, signMessage=null, dengji=null, biaoji=null, sex=null) pageable: Page request [number: 0, size 10, sort: id: DESC] }','193.169.100.166',0,'admin'),(5022,'2019-05-05 17:24:56','查询UserTest',NULL,'INFO','me.zhengjie.modules.test.rest.UserTestController.getUserTests()','{ resources: UserTestDTO(id=null, employeeid=null, phone=null, name=null, sign=null, nickname=null, avatarurl=null, gender=null, openid=null, updatetime=null, signMessage=null, dengji=null, biaoji=null, sex=null) pageable: Page request [number: 0, size 10, sort: id: DESC] }','193.169.100.166',0,'admin'),(5023,'2019-05-05 17:28:27','查询UserTest',NULL,'INFO','me.zhengjie.modules.test.rest.UserTestController.getUserTests()','{ resources: UserTestDTO(id=null, employeeid=null, phone=null, name=null, sign=null, nickname=null, avatarurl=null, gender=null, openid=null, updatetime=null, signMessage=null, dengji=null, biaoji=null, sex=null) pageable: Page request [number: 0, size 10, sort: id: DESC] }','193.169.100.166',1,'admin'),(5024,'2019-05-05 17:29:06','查询UserTest',NULL,'INFO','me.zhengjie.modules.test.rest.UserTestController.getUserTests()','{ resources: UserTestDTO(id=null, employeeid=null, phone=null, name=null, sign=null, nickname=null, avatarurl=null, gender=null, openid=null, updatetime=null, signMessage=null, dengji=null, biaoji=null, sex=null) pageable: Page request [number: 0, size 10, sort: id: DESC] }','193.169.100.166',0,'admin'),(5025,'2019-05-05 17:33:36','查询UserTest',NULL,'INFO','me.zhengjie.modules.test.rest.UserTestController.getUserTests()','{ resources: UserTestDTO(id=null, employeeid=null, phone=null, name=null, sign=null, nickname=null, avatarurl=null, gender=null, openid=null, updatetime=null, signMessage=null, dengji=null, biaoji=null, sex=null) pageable: Page request [number: 0, size 10, sort: id: DESC] }','193.169.100.166',0,'admin'),(5026,'2019-05-05 17:33:41','查询UserTest',NULL,'INFO','me.zhengjie.modules.test.rest.UserTestController.getUserTests()','{ resources: UserTestDTO(id=null, employeeid=null, phone=null, name=null, sign=null, nickname=null, avatarurl=null, gender=null, openid=null, updatetime=null, signMessage=null, dengji=null, biaoji=null, sex=null) pageable: Page request [number: 0, size 10, sort: id: DESC] }','193.169.100.166',1,'admin'),(5027,'2019-05-05 17:34:02','查询UserTest',NULL,'INFO','me.zhengjie.modules.test.rest.UserTestController.getUserTests()','{ resources: UserTestDTO(id=null, employeeid=null, phone=null, name=null, sign=null, nickname=null, avatarurl=null, gender=null, openid=null, updatetime=null, signMessage=null, dengji=null, biaoji=null, sex=null) pageable: Page request [number: 0, size 10, sort: id: DESC] }','193.169.100.166',0,'admin'),(5028,'2019-05-05 17:35:00','查询UserTest',NULL,'INFO','me.zhengjie.modules.test.rest.UserTestController.getUserTests()','{ resources: UserTestDTO(id=null, employeeid=null, phone=null, name=null, sign=null, nickname=null, avatarurl=null, gender=null, openid=null, updatetime=null, signMessage=null, dengji=null, biaoji=null, sex=null) pageable: Page request [number: 0, size 10, sort: id: DESC] }','193.169.100.166',1,'admin'),(5029,'2019-05-05 17:35:11','查询UserTest',NULL,'INFO','me.zhengjie.modules.test.rest.UserTestController.getUserTests()','{ resources: UserTestDTO(id=null, employeeid=null, phone=null, name=null, sign=null, nickname=null, avatarurl=null, gender=null, openid=null, updatetime=null, signMessage=null, dengji=null, biaoji=null, sex=null) pageable: Page request [number: 1, size 10, sort: id: DESC] }','193.169.100.166',8,'admin'),(5030,'2019-05-05 17:35:13','查询UserTest',NULL,'INFO','me.zhengjie.modules.test.rest.UserTestController.getUserTests()','{ resources: UserTestDTO(id=null, employeeid=null, phone=null, name=null, sign=null, nickname=null, avatarurl=null, gender=null, openid=null, updatetime=null, signMessage=null, dengji=null, biaoji=null, sex=null) pageable: Page request [number: 2, size 10, sort: id: DESC] }','193.169.100.166',6,'admin'),(5031,'2019-05-05 17:36:00','查询UserTest',NULL,'INFO','me.zhengjie.modules.test.rest.UserTestController.getUserTests()','{ resources: UserTestDTO(id=null, employeeid=null, phone=null, name=null, sign=null, nickname=null, avatarurl=null, gender=null, openid=null, updatetime=null, signMessage=null, dengji=null, biaoji=null, sex=null) pageable: Page request [number: 0, size 10, sort: id: DESC] }','193.169.100.166',0,'admin'),(5032,'2019-05-05 17:36:05','查询UserTest',NULL,'INFO','me.zhengjie.modules.test.rest.UserTestController.getUserTests()','{ resources: UserTestDTO(id=null, employeeid=null, phone=null, name=null, sign=null, nickname=null, avatarurl=null, gender=null, openid=null, updatetime=null, signMessage=null, dengji=null, biaoji=null, sex=null) pageable: Page request [number: 0, size 10, sort: id: DESC] }','193.169.100.166',0,'admin'),(5033,'2019-05-05 17:38:15','查询UserTest',NULL,'INFO','me.zhengjie.modules.test.rest.UserTestController.getUserTests()','{ resources: UserTestDTO(id=null, employeeid=null, phone=null, name=null, sign=null, nickname=null, avatarurl=null, gender=null, openid=null, updatetime=null, signMessage=null, dengji=null, biaoji=null, sex=null) pageable: Page request [number: 0, size 10, sort: id: DESC] }','193.169.100.166',0,'admin'),(5034,'2019-05-05 17:48:03','查询角色',NULL,'INFO','me.zhengjie.modules.system.rest.RoleController.getRoles()','{ name: null pageable: Page request [number: 0, size 10, sort: id: DESC] }','193.169.100.166',1,'admin'),(5035,'2019-05-05 17:48:11','查询部门',NULL,'INFO','me.zhengjie.modules.system.rest.DeptController.getDepts()','{ resources: DeptDTO(id=null, name=null, enabled=true, pid=null, children=null, createTime=null) }','193.169.100.166',9,'admin'),(5036,'2019-05-05 17:48:31','查询部门',NULL,'INFO','me.zhengjie.modules.system.rest.DeptController.getDepts()','{ resources: DeptDTO(id=null, name=null, enabled=true, pid=null, children=null, createTime=null) }','193.169.100.166',5,'admin'),(5037,'2019-05-05 17:48:42','查询字典详情',NULL,'INFO','me.zhengjie.modules.system.rest.DictDetailController.getDictDetails()','{ resources: DictDetailDTO(id=null, label=null, value=null, sort=null, dictName=dept_status) pageable: Page request [number: 0, size 2000, sort: sort: ASC] }','193.169.100.166',1,'admin'),(5038,'2019-05-05 17:48:42','查询部门',NULL,'INFO','me.zhengjie.modules.system.rest.DeptController.getDepts()','{ resources: DeptDTO(id=null, name=null, enabled=null, pid=null, children=null, createTime=null) }','193.169.100.166',6,'admin'),(5039,'2019-05-05 17:52:17','查询字典详情',NULL,'INFO','me.zhengjie.modules.system.rest.DictDetailController.getDictDetails()','{ resources: DictDetailDTO(id=null, label=null, value=null, sort=null, dictName=job_status) pageable: Page request [number: 0, size 2000, sort: sort: ASC] }','193.169.100.166',2,'admin'),(5040,'2019-05-05 17:52:17','查询岗位',NULL,'INFO','me.zhengjie.modules.system.rest.JobController.getJobs()','{ name: null deptId: null enabled: null pageable: Page request [number: 0, size 10, sort: sort: ASC] }','193.169.100.166',9,'admin'),(5041,'2019-05-05 17:52:39','查询权限',NULL,'INFO','me.zhengjie.modules.system.rest.PermissionController.getPermissions()','{ name: null }','193.169.100.166',2,'admin'),(5042,'2019-05-05 17:52:42','查询角色',NULL,'INFO','me.zhengjie.modules.system.rest.RoleController.getRoles()','{ name: null pageable: Page request [number: 0, size 10, sort: id: DESC] }','193.169.100.166',1,'admin'),(5043,'2019-05-05 17:54:33','新增角色',NULL,'INFO','me.zhengjie.modules.system.rest.RoleController.create()','{ resources: Role{id=3, name=\'微信用户\', remark=\'企业微信集成过来的用户\', createDateTime=2019-05-05 17:54:33.245} }','193.169.100.166',17,'admin'),(5044,'2019-05-05 17:54:33','查询角色',NULL,'INFO','me.zhengjie.modules.system.rest.RoleController.getRoles()','{ name: null pageable: Page request [number: 0, size 10, sort: id: DESC] }','193.169.100.166',18,'admin'),(5045,'2019-05-05 17:54:45','修改角色菜单',NULL,'INFO','me.zhengjie.modules.system.rest.RoleController.updateMenu()','{ resources: Role{id=3, name=\'null\', remark=\'null\', createDateTime=null} }','193.169.100.166',33,'admin'),(5046,'2019-05-05 17:55:04','查询字典详情',NULL,'INFO','me.zhengjie.modules.system.rest.DictDetailController.getDictDetails()','{ resources: DictDetailDTO(id=null, label=null, value=null, sort=null, dictName=user_status) pageable: Page request [number: 0, size 2000, sort: sort: ASC] }','193.169.100.166',5,'admin'),(5047,'2019-05-05 17:55:04','查询部门',NULL,'INFO','me.zhengjie.modules.system.rest.DeptController.getDepts()','{ resources: DeptDTO(id=null, name=null, enabled=null, pid=null, children=null, createTime=null) }','193.169.100.166',69,'admin'),(5048,'2019-05-05 17:55:04','查询用户',NULL,'INFO','me.zhengjie.modules.system.rest.UserController.getUsers()','{ userDTO: UserDTO(id=null, username=null, avatar=null, email=null, phone=null, enabled=null, password=null, createTime=null, lastPasswordResetTime=null, roles=null, job=null, dept=null, deptId=null) pageable: Page request [number: 0, size 10, sort: id: DESC] }','193.169.100.166',108,'admin'),(5049,'2019-05-05 17:55:24','查询用户',NULL,'INFO','me.zhengjie.modules.system.rest.UserController.getUsers()','{ userDTO: UserDTO(id=null, username=null, avatar=null, email=null, phone=null, enabled=null, password=null, createTime=null, lastPasswordResetTime=null, roles=null, job=null, dept=null, deptId=2) pageable: Page request [number: 0, size 10, sort: id: DESC] }','193.169.100.166',57,'admin'),(5050,'2019-05-05 17:55:26','查询用户',NULL,'INFO','me.zhengjie.modules.system.rest.UserController.getUsers()','{ userDTO: UserDTO(id=null, username=null, avatar=null, email=null, phone=null, enabled=null, password=null, createTime=null, lastPasswordResetTime=null, roles=null, job=null, dept=null, deptId=5) pageable: Page request [number: 0, size 10, sort: id: DESC] }','193.169.100.166',12,'admin'),(5051,'2019-05-05 17:55:28','查询用户',NULL,'INFO','me.zhengjie.modules.system.rest.UserController.getUsers()','{ userDTO: UserDTO(id=null, username=null, avatar=null, email=null, phone=null, enabled=null, password=null, createTime=null, lastPasswordResetTime=null, roles=null, job=null, dept=null, deptId=2) pageable: Page request [number: 0, size 10, sort: id: DESC] }','193.169.100.166',15,'admin'),(5052,'2019-05-05 17:55:32','查询用户',NULL,'INFO','me.zhengjie.modules.system.rest.UserController.getUsers()','{ userDTO: UserDTO(id=null, username=null, avatar=null, email=null, phone=null, enabled=null, password=null, createTime=null, lastPasswordResetTime=null, roles=null, job=null, dept=null, deptId=5) pageable: Page request [number: 0, size 10, sort: id: DESC] }','193.169.100.166',4,'admin'),(5053,'2019-05-05 17:55:34','查询用户',NULL,'INFO','me.zhengjie.modules.system.rest.UserController.getUsers()','{ userDTO: UserDTO(id=null, username=null, avatar=null, email=null, phone=null, enabled=null, password=null, createTime=null, lastPasswordResetTime=null, roles=null, job=null, dept=null, deptId=5) pageable: Page request [number: 0, size 10, sort: id: DESC] }','193.169.100.166',5,'admin'),(5054,'2019-05-05 17:55:34','查询用户',NULL,'INFO','me.zhengjie.modules.system.rest.UserController.getUsers()','{ userDTO: UserDTO(id=null, username=null, avatar=null, email=null, phone=null, enabled=null, password=null, createTime=null, lastPasswordResetTime=null, roles=null, job=null, dept=null, deptId=2) pageable: Page request [number: 0, size 10, sort: id: DESC] }','193.169.100.166',6,'admin'),(5055,'2019-05-05 17:55:41','查询用户',NULL,'INFO','me.zhengjie.modules.system.rest.UserController.getUsers()','{ userDTO: UserDTO(id=null, username=null, avatar=null, email=null, phone=null, enabled=null, password=null, createTime=null, lastPasswordResetTime=null, roles=null, job=null, dept=null, deptId=5) pageable: Page request [number: 0, size 10, sort: id: DESC] }','193.169.100.166',5,'admin'),(5056,'2019-05-05 17:55:42','查询用户',NULL,'INFO','me.zhengjie.modules.system.rest.UserController.getUsers()','{ userDTO: UserDTO(id=null, username=null, avatar=null, email=null, phone=null, enabled=null, password=null, createTime=null, lastPasswordResetTime=null, roles=null, job=null, dept=null, deptId=9) pageable: Page request [number: 0, size 10, sort: id: DESC] }','193.169.100.166',10,'admin'),(5057,'2019-05-05 17:55:44','查询用户',NULL,'INFO','me.zhengjie.modules.system.rest.UserController.getUsers()','{ userDTO: UserDTO(id=null, username=null, avatar=null, email=null, phone=null, enabled=null, password=null, createTime=null, lastPasswordResetTime=null, roles=null, job=null, dept=null, deptId=12) pageable: Page request [number: 0, size 10, sort: id: DESC] }','193.169.100.166',14,'admin'),(5058,'2019-05-05 17:55:46','查询用户',NULL,'INFO','me.zhengjie.modules.system.rest.UserController.getUsers()','{ userDTO: UserDTO(id=null, username=null, avatar=null, email=null, phone=null, enabled=null, password=null, createTime=null, lastPasswordResetTime=null, roles=null, job=null, dept=null, deptId=6) pageable: Page request [number: 0, size 10, sort: id: DESC] }','193.169.100.166',13,'admin'),(5059,'2019-05-05 17:55:47','查询用户',NULL,'INFO','me.zhengjie.modules.system.rest.UserController.getUsers()','{ userDTO: UserDTO(id=null, username=null, avatar=null, email=null, phone=null, enabled=null, password=null, createTime=null, lastPasswordResetTime=null, roles=null, job=null, dept=null, deptId=10) pageable: Page request [number: 0, size 10, sort: id: DESC] }','193.169.100.166',13,'admin'),(5060,'2019-05-05 17:55:47','查询用户',NULL,'INFO','me.zhengjie.modules.system.rest.UserController.getUsers()','{ userDTO: UserDTO(id=null, username=null, avatar=null, email=null, phone=null, enabled=null, password=null, createTime=null, lastPasswordResetTime=null, roles=null, job=null, dept=null, deptId=11) pageable: Page request [number: 0, size 10, sort: id: DESC] }','193.169.100.166',19,'admin'),(5061,'2019-05-05 17:56:28','查询部门',NULL,'INFO','me.zhengjie.modules.system.rest.DeptController.getDepts()','{ resources: DeptDTO(id=null, name=null, enabled=true, pid=null, children=null, createTime=null) }','193.169.100.166',7,'admin'),(5062,'2019-05-05 17:56:34','查询岗位',NULL,'INFO','me.zhengjie.modules.system.rest.JobController.getJobs()','{ name: null deptId: 1 enabled: null pageable: Page request [number: 0, size 2000, sort: UNSORTED] }','193.169.100.166',13,'admin'),(5063,'2019-05-05 17:57:41','查询岗位',NULL,'INFO','me.zhengjie.modules.system.rest.JobController.getJobs()','{ name: null deptId: 1 enabled: null pageable: Page request [number: 0, size 2000, sort: UNSORTED] }','193.169.100.166',10,'admin'),(5064,'2019-05-05 17:57:43','查询岗位',NULL,'INFO','me.zhengjie.modules.system.rest.JobController.getJobs()','{ name: null deptId: 1 enabled: null pageable: Page request [number: 0, size 2000, sort: UNSORTED] }','193.169.100.166',6,'admin'),(5065,'2019-05-05 17:57:49','查询岗位',NULL,'INFO','me.zhengjie.modules.system.rest.JobController.getJobs()','{ name: null deptId: 7 enabled: null pageable: Page request [number: 0, size 2000, sort: UNSORTED] }','193.169.100.166',7,'admin'),(5066,'2019-05-05 17:57:55','查询岗位',NULL,'INFO','me.zhengjie.modules.system.rest.JobController.getJobs()','{ name: null deptId: 2 enabled: null pageable: Page request [number: 0, size 2000, sort: UNSORTED] }','193.169.100.166',13,'admin'),(5067,'2019-05-05 17:58:17','查询部门',NULL,'INFO','me.zhengjie.modules.system.rest.DeptController.getDepts()','{ resources: DeptDTO(id=null, name=null, enabled=true, pid=null, children=null, createTime=null) }','193.169.100.166',4,'admin'),(5068,'2019-05-05 17:58:19','新增用户',NULL,'INFO','me.zhengjie.modules.system.rest.UserController.create()','{ resources: User{id=6, username=\'adtest\', avatar=\'https://aurora-1255840532.cos.ap-chengdu.myqcloud.com/8918a306ea314404835a9196585c4b75.jpeg\', email=\'qee@163.com\', enabled=true, password=\'e10adc3949ba59abbe56e057f20f883e\', createTime=2019-05-05 17:58:19.109, lastPasswordResetTime=null} }','193.169.100.166',32,'admin'),(5069,'2019-05-05 17:58:19','查询用户',NULL,'INFO','me.zhengjie.modules.system.rest.UserController.getUsers()','{ userDTO: UserDTO(id=null, username=null, avatar=null, email=null, phone=null, enabled=null, password=null, createTime=null, lastPasswordResetTime=null, roles=null, job=null, dept=null, deptId=11) pageable: Page request [number: 0, size 10, sort: id: DESC] }','193.169.100.166',19,'admin'),(5070,'2019-05-05 17:58:21','查询用户',NULL,'INFO','me.zhengjie.modules.system.rest.UserController.getUsers()','{ userDTO: UserDTO(id=null, username=null, avatar=null, email=null, phone=null, enabled=null, password=null, createTime=null, lastPasswordResetTime=null, roles=null, job=null, dept=null, deptId=null) pageable: Page request [number: 0, size 10, sort: id: DESC] }','193.169.100.166',33,'admin'),(5071,'2019-05-05 17:58:55','用户登录',NULL,'INFO','me.zhengjie.modules.security.rest.AuthenticationController.login()','{ authorizationUser: {username=adtest, password= ******} }','193.169.100.166',3384,'adtest'),(5072,'2019-05-05 17:59:16','用户登录',NULL,'INFO','me.zhengjie.modules.security.rest.AuthenticationController.login()','{ authorizationUser: {username=admin, password= ******} }','193.169.100.166',4,'admin'),(5073,'2019-05-05 17:59:20','查询部门',NULL,'INFO','me.zhengjie.modules.system.rest.DeptController.getDepts()','{ resources: DeptDTO(id=null, name=null, enabled=null, pid=null, children=null, createTime=null) }','193.169.100.166',6,'admin'),(5074,'2019-05-05 17:59:20','查询字典详情',NULL,'INFO','me.zhengjie.modules.system.rest.DictDetailController.getDictDetails()','{ resources: DictDetailDTO(id=null, label=null, value=null, sort=null, dictName=user_status) pageable: Page request [number: 0, size 2000, sort: sort: ASC] }','193.169.100.166',1,'admin'),(5075,'2019-05-05 17:59:20','查询用户',NULL,'INFO','me.zhengjie.modules.system.rest.UserController.getUsers()','{ userDTO: UserDTO(id=null, username=null, avatar=null, email=null, phone=null, enabled=null, password=null, createTime=null, lastPasswordResetTime=null, roles=null, job=null, dept=null, deptId=null) pageable: Page request [number: 0, size 10, sort: id: DESC] }','193.169.100.166',5,'admin'),(5076,'2019-05-05 17:59:34','查询角色',NULL,'INFO','me.zhengjie.modules.system.rest.RoleController.getRoles()','{ name: null pageable: Page request [number: 0, size 10, sort: id: DESC] }','193.169.100.166',15,'admin'),(5077,'2019-05-05 17:59:44','修改角色菜单',NULL,'INFO','me.zhengjie.modules.system.rest.RoleController.updateMenu()','{ resources: Role{id=3, name=\'null\', remark=\'null\', createDateTime=null} }','193.169.100.166',6,'admin'),(5078,'2019-05-05 17:59:56','用户登录',NULL,'INFO','me.zhengjie.modules.security.rest.AuthenticationController.login()','{ authorizationUser: {username=adtest, password= ******} }','193.169.100.166',5,'adtest'),(5079,'2019-05-05 18:03:59','用户登录',NULL,'INFO','me.zhengjie.modules.security.rest.AuthenticationController.login()','{ authorizationUser: {username=admin, password= ******} }','193.169.100.166',56,'admin'),(5080,'2019-05-05 18:04:04','查询UserTest',NULL,'INFO','me.zhengjie.modules.test.rest.UserTestController.getUserTests()','{ resources: UserTestDTO(id=null, employeeid=null, phone=null, name=null, sign=null, nickname=null, avatarurl=null, gender=null, openid=null, updatetime=null, signMessage=null, dengji=null, biaoji=null, sex=null) pageable: Page request [number: 0, size 10, sort: id: DESC] }','193.169.100.166',7,'admin'),(5081,'2019-05-05 18:04:38','查询部门',NULL,'INFO','me.zhengjie.modules.system.rest.DeptController.getDepts()','{ resources: DeptDTO(id=null, name=null, enabled=null, pid=null, children=null, createTime=null) }','193.169.100.166',1,'admin'),(5082,'2019-05-05 18:04:38','查询字典详情',NULL,'INFO','me.zhengjie.modules.system.rest.DictDetailController.getDictDetails()','{ resources: DictDetailDTO(id=null, label=null, value=null, sort=null, dictName=user_status) pageable: Page request [number: 0, size 2000, sort: sort: ASC] }','193.169.100.166',25,'admin'),(5083,'2019-05-05 18:04:38','查询用户',NULL,'INFO','me.zhengjie.modules.system.rest.UserController.getUsers()','{ userDTO: UserDTO(id=null, username=null, avatar=null, email=null, phone=null, enabled=null, password=null, createTime=null, lastPasswordResetTime=null, roles=null, job=null, dept=null, deptId=null) pageable: Page request [number: 0, size 10, sort: id: DESC] }','193.169.100.166',34,'admin'),(5084,'2019-05-05 18:04:47','查询部门',NULL,'INFO','me.zhengjie.modules.system.rest.DeptController.getDepts()','{ resources: DeptDTO(id=null, name=null, enabled=true, pid=null, children=null, createTime=null) }','193.169.100.166',4,'admin'),(5085,'2019-05-05 18:04:47','查询岗位',NULL,'INFO','me.zhengjie.modules.system.rest.JobController.getJobs()','{ name: null deptId: 2 enabled: null pageable: Page request [number: 0, size 2000, sort: UNSORTED] }','193.169.100.166',21,'admin'),(5086,'2019-05-05 18:05:06','查询权限',NULL,'INFO','me.zhengjie.modules.system.rest.PermissionController.getPermissions()','{ name: null }','193.169.100.166',5,'admin'),(5087,'2019-05-05 18:05:10','查询角色',NULL,'INFO','me.zhengjie.modules.system.rest.RoleController.getRoles()','{ name: null pageable: Page request [number: 0, size 10, sort: id: DESC] }','193.169.100.166',29,'admin'),(5088,'2019-05-05 18:05:25','修改角色权限',NULL,'INFO','me.zhengjie.modules.system.rest.RoleController.updatePermission()','{ resources: Role{id=3, name=\'null\', remark=\'null\', createDateTime=null} }','193.169.100.166',28,'admin'),(5089,'2019-05-05 18:05:40','用户登录',NULL,'INFO','me.zhengjie.modules.security.rest.AuthenticationController.login()','{ authorizationUser: {username=adtest, password= ******} }','193.169.100.166',10,'adtest'),(5090,'2019-05-05 18:05:46','查询UserTest',NULL,'INFO','me.zhengjie.modules.test.rest.UserTestController.getUserTests()','{ resources: UserTestDTO(id=null, employeeid=null, phone=null, name=null, sign=null, nickname=null, avatarurl=null, gender=null, openid=null, updatetime=null, signMessage=null, dengji=null, biaoji=null, sex=null) pageable: Page request [number: 0, size 10, sort: id: DESC] }','193.169.100.166',1,'adtest'),(5091,'2019-05-05 18:05:48','查询UserTest',NULL,'INFO','me.zhengjie.modules.test.rest.UserTestController.getUserTests()','{ resources: UserTestDTO(id=null, employeeid=null, phone=null, name=null, sign=null, nickname=null, avatarurl=null, gender=null, openid=null, updatetime=null, signMessage=null, dengji=null, biaoji=null, sex=null) pageable: Page request [number: 1, size 10, sort: id: DESC] }','193.169.100.166',6,'adtest'),(5092,'2019-05-05 18:05:54','查询UserTest',NULL,'INFO','me.zhengjie.modules.test.rest.UserTestController.getUserTests()','{ resources: UserTestDTO(id=null, employeeid=null, phone=null, name=null, sign=null, nickname=null, avatarurl=null, gender=null, openid=null, updatetime=null, signMessage=null, dengji=null, biaoji=null, sex=null) pageable: Page request [number: 2, size 10, sort: id: DESC] }','193.169.100.166',8,'adtest'),(5093,'2019-05-05 18:05:57','查询UserTest',NULL,'INFO','me.zhengjie.modules.test.rest.UserTestController.getUserTests()','{ resources: UserTestDTO(id=null, employeeid=null, phone=null, name=null, sign=null, nickname=null, avatarurl=null, gender=null, openid=null, updatetime=null, signMessage=null, dengji=null, biaoji=null, sex=null) pageable: Page request [number: 3, size 10, sort: id: DESC] }','193.169.100.166',7,'adtest'),(5094,'2019-05-05 18:07:25','查询UserTest',NULL,'INFO','me.zhengjie.modules.test.rest.UserTestController.getUserTests()','{ resources: UserTestDTO(id=null, employeeid=null, phone=null, name=null, sign=null, nickname=null, avatarurl=null, gender=null, openid=null, updatetime=null, signMessage=null, dengji=null, biaoji=null, sex=null) pageable: Page request [number: 0, size 10, sort: id: DESC] }','193.169.100.166',1,'adtest'),(5095,'2019-05-05 18:07:37','用户登录',NULL,'INFO','me.zhengjie.modules.security.rest.AuthenticationController.login()','{ authorizationUser: {username=admin, password= ******} }','193.169.100.166',3,'admin'),(5096,'2019-05-05 18:07:38','查询UserTest',NULL,'INFO','me.zhengjie.modules.test.rest.UserTestController.getUserTests()','{ resources: UserTestDTO(id=null, employeeid=null, phone=null, name=null, sign=null, nickname=null, avatarurl=null, gender=null, openid=null, updatetime=null, signMessage=null, dengji=null, biaoji=null, sex=null) pageable: Page request [number: 0, size 10, sort: id: DESC] }','193.169.100.166',1,'admin'),(5097,'2019-05-05 18:07:41','查询字典详情',NULL,'INFO','me.zhengjie.modules.system.rest.DictDetailController.getDictDetails()','{ resources: DictDetailDTO(id=null, label=null, value=null, sort=null, dictName=user_status) pageable: Page request [number: 0, size 2000, sort: sort: ASC] }','193.169.100.166',1,'admin'),(5098,'2019-05-05 18:07:41','查询部门',NULL,'INFO','me.zhengjie.modules.system.rest.DeptController.getDepts()','{ resources: DeptDTO(id=null, name=null, enabled=null, pid=null, children=null, createTime=null) }','193.169.100.166',1,'admin'),(5099,'2019-05-05 18:07:41','查询用户',NULL,'INFO','me.zhengjie.modules.system.rest.UserController.getUsers()','{ userDTO: UserDTO(id=null, username=null, avatar=null, email=null, phone=null, enabled=null, password=null, createTime=null, lastPasswordResetTime=null, roles=null, job=null, dept=null, deptId=null) pageable: Page request [number: 0, size 10, sort: id: DESC] }','193.169.100.166',7,'admin'),(5100,'2019-05-05 18:08:23','查询UserTest',NULL,'INFO','me.zhengjie.modules.test.rest.UserTestController.getUserTests()','{ resources: UserTestDTO(id=null, employeeid=null, phone=null, name=null, sign=null, nickname=null, avatarurl=null, gender=null, openid=null, updatetime=null, signMessage=null, dengji=null, biaoji=null, sex=null) pageable: Page request [number: 0, size 20, sort: UNSORTED] }','193.169.100.166',6,'ccwq'),(5101,'2019-05-05 18:08:35','查询UserTest',NULL,'INFO','me.zhengjie.modules.test.rest.UserTestController.getUserTests()','{ resources: UserTestDTO(id=null, employeeid=null, phone=null, name=null, sign=null, nickname=null, avatarurl=null, gender=null, openid=null, updatetime=null, signMessage=null, dengji=null, biaoji=null, sex=null) pageable: Page request [number: 0, size 20, sort: UNSORTED] }','193.169.100.166',2,'ccwq'),(5102,'2019-05-05 18:10:27','查询部门',NULL,'INFO','me.zhengjie.modules.system.rest.DeptController.getDepts()','{ resources: DeptDTO(id=null, name=null, enabled=null, pid=null, children=null, createTime=null) }','193.169.100.166',6,'admin'),(5103,'2019-05-05 18:10:27','查询字典详情',NULL,'INFO','me.zhengjie.modules.system.rest.DictDetailController.getDictDetails()','{ resources: DictDetailDTO(id=null, label=null, value=null, sort=null, dictName=user_status) pageable: Page request [number: 0, size 2000, sort: sort: ASC] }','193.169.100.166',0,'admin'),(5104,'2019-05-05 18:10:27','查询用户',NULL,'INFO','me.zhengjie.modules.system.rest.UserController.getUsers()','{ userDTO: UserDTO(id=null, username=null, avatar=null, email=null, phone=null, enabled=null, password=null, createTime=null, lastPasswordResetTime=null, roles=null, job=null, dept=null, deptId=null) pageable: Page request [number: 0, size 10, sort: id: DESC] }','193.169.100.166',6,'admin'),(5105,'2019-05-05 18:10:45','查询Redis缓存',NULL,'INFO','me.zhengjie.modules.monitor.rest.RedisController.getRedis()','{ key: * pageable: Page request [number: 0, size 10, sort: UNSORTED] }','193.169.100.166',8,'admin'),(5106,'2019-05-05 18:10:56','清空Redis缓存',NULL,'INFO','me.zhengjie.modules.monitor.rest.RedisController.deleteAll()','{ }','193.169.100.166',21,'admin'),(5107,'2019-05-05 18:10:56','查询Redis缓存',NULL,'INFO','me.zhengjie.modules.monitor.rest.RedisController.getRedis()','{ key: * pageable: Page request [number: 0, size 10, sort: UNSORTED] }','193.169.100.166',1,'admin'),(5108,'2019-05-05 18:11:00','查询字典详情',NULL,'INFO','me.zhengjie.modules.system.rest.DictDetailController.getDictDetails()','{ resources: DictDetailDTO(id=null, label=null, value=null, sort=null, dictName=user_status) pageable: Page request [number: 0, size 2000, sort: sort: ASC] }','193.169.100.166',7,'admin'),(5109,'2019-05-05 18:11:00','查询部门',NULL,'INFO','me.zhengjie.modules.system.rest.DeptController.getDepts()','{ resources: DeptDTO(id=null, name=null, enabled=null, pid=null, children=null, createTime=null) }','193.169.100.166',67,'admin'),(5110,'2019-05-05 18:11:00','查询用户',NULL,'INFO','me.zhengjie.modules.system.rest.UserController.getUsers()','{ userDTO: UserDTO(id=null, username=null, avatar=null, email=null, phone=null, enabled=null, password=null, createTime=null, lastPasswordResetTime=null, roles=null, job=null, dept=null, deptId=null) pageable: Page request [number: 0, size 10, sort: id: DESC] }','193.169.100.166',76,'admin'),(5111,'2019-05-05 18:11:03','查询部门',NULL,'INFO','me.zhengjie.modules.system.rest.DeptController.getDepts()','{ resources: DeptDTO(id=null, name=null, enabled=true, pid=null, children=null, createTime=null) }','193.169.100.166',3,'admin'),(5112,'2019-05-05 18:11:03','查询岗位',NULL,'INFO','me.zhengjie.modules.system.rest.JobController.getJobs()','{ name: null deptId: 2 enabled: null pageable: Page request [number: 0, size 2000, sort: UNSORTED] }','193.169.100.166',8,'admin'),(5113,'2019-05-05 18:11:11','查询UserTest',NULL,'INFO','me.zhengjie.modules.test.rest.UserTestController.getUserTests()','{ resources: UserTestDTO(id=null, employeeid=null, phone=null, name=null, sign=null, nickname=null, avatarurl=null, gender=null, openid=null, updatetime=null, signMessage=null, dengji=null, biaoji=null, sex=null) pageable: Page request [number: 0, size 20, sort: UNSORTED] }','193.169.100.166',7,'ccwq');

#
# Structure for table "menu"
#

DROP TABLE IF EXISTS `menu`;
CREATE TABLE `menu` (
  `id` bigint(20) NOT NULL AUTO_INCREMENT COMMENT 'ID',
  `create_time` datetime DEFAULT NULL COMMENT '创建日期',
  `i_frame` bit(1) DEFAULT NULL COMMENT '是否外链',
  `name` varchar(255) DEFAULT NULL COMMENT '菜单名称',
  `component` varchar(255) DEFAULT NULL COMMENT '组件',
  `pid` bigint(20) NOT NULL COMMENT '上级菜单ID',
  `sort` bigint(20) NOT NULL COMMENT '排序',
  `icon` varchar(255) DEFAULT NULL COMMENT '图标',
  `path` varchar(255) DEFAULT NULL COMMENT '链接地址',
  PRIMARY KEY (`id`) USING BTREE
) ENGINE=InnoDB AUTO_INCREMENT=42 DEFAULT CHARSET=utf8;

#
# Data for table "menu"
#

INSERT INTO `menu` VALUES (1,'2018-12-18 15:11:29',b'0','系统管理',NULL,0,1,'system','system'),(2,'2018-12-18 15:14:44',b'0','用户管理','system/user/index',1,2,'peoples','user'),(3,'2018-12-18 15:16:07',b'0','角色管理','system/role/index',1,3,'role','role'),(4,'2018-12-18 15:16:45',b'0','权限管理','system/permission/index',1,4,'permission','permission'),(5,'2018-12-18 15:17:28',b'0','菜单管理','system/menu/index',1,5,'menu','menu'),(6,'2018-12-18 15:17:48',b'0','系统监控',NULL,0,10,'monitor','monitor'),(7,'2018-12-18 15:18:26',b'0','操作日志','monitor/log/index',6,11,'log','logs'),(8,'2018-12-18 15:19:01',b'0','系统缓存','monitor/redis/index',6,13,'redis','redis'),(9,'2018-12-18 15:19:34',b'0','SQL监控','monitor/sql/index',6,14,'sqlMonitor','druid'),(10,'2018-12-19 13:38:16',b'0','组件管理',NULL,0,50,'zujian','components'),(11,'2018-12-19 13:38:49',b'0','图标库','components/IconSelect',10,51,'icon','icon'),(12,'2018-12-24 20:37:35',b'0','实时控制台','monitor/log/msg',6,16,'codeConsole','msg'),(14,'2018-12-27 10:13:09',b'0','邮件工具','tools/email/index',36,24,'email','email'),(15,'2018-12-27 11:58:25',b'0','富文本','components/Editor',10,52,'fwb','tinymce'),(16,'2018-12-28 09:36:53',b'0','图床管理','tools/picture/index',36,25,'image','pictures'),(17,'2018-12-28 15:09:49',b'1','项目地址','',0,0,'github','https://github.com/elunez/eladmin'),(18,'2018-12-31 11:12:15',b'0','七牛云存储','tools/qiniu/index',36,26,'qiniu','qiniu'),(19,'2018-12-31 14:52:38',b'0','支付宝工具','tools/aliPay/index',36,27,'alipay','aliPay'),(21,'2019-01-04 16:22:03',b'0','多级菜单','',0,900,'menu','nested'),(22,'2019-01-04 16:23:29',b'0','二级菜单1','nested/menu1/index',21,999,'menu','menu1'),(23,'2019-01-04 16:23:57',b'0','二级菜单2','nested/menu2/index',21,999,'menu','menu2'),(24,'2019-01-04 16:24:48',b'0','三级菜单1','nested/menu1/menu1-1',22,999,'menu','menu1-1'),(27,'2019-01-07 17:27:32',b'0','三级菜单2','nested/menu1/menu1-2',22,999,'menu','menu1-2'),(28,'2019-01-07 20:34:40',b'0','定时任务','system/timing/index',36,21,'timing','timing'),(30,'2019-01-11 15:45:55',b'0','代码生成','generator/index',36,22,'dev','generator'),(32,'2019-01-13 13:49:03',b'0','异常日志','monitor/log/errorLog',6,12,'error','errorLog'),(33,'2019-03-08 13:46:44',b'0','Markdown','components/MarkDown',10,53,'markdown','markdown'),(34,'2019-03-08 15:49:40',b'0','Yaml编辑器','components/YamlEdit',10,54,'dev','yaml'),(35,'2019-03-25 09:46:00',b'0','部门管理','system/dept/index',1,6,'dept','dept'),(36,'2019-03-29 10:57:35',b'0','系统工具','',0,20,'sys-tools','sys-tools'),(37,'2019-03-29 13:51:18',b'0','岗位管理','system/job/index',1,7,'Steve-Jobs','job'),(38,'2019-03-29 19:57:53',b'0','接口文档','tools/swagger/index',36,23,'swagger','swagger2'),(39,'2019-04-10 11:49:04',b'0','字典管理','system/dict/index',1,8,'dictionary','dict'),(40,'2019-05-05 17:01:57',b'0','微信管理','',0,20,'weixin','weixin'),(41,'2019-05-05 17:03:16',b'0','微信用户','system/test/index',40,21,'weixin','weixin');

#
# Structure for table "permission"
#

DROP TABLE IF EXISTS `permission`;
CREATE TABLE `permission` (
  `id` bigint(20) NOT NULL AUTO_INCREMENT COMMENT 'ID',
  `alias` varchar(255) DEFAULT NULL COMMENT '别名',
  `create_time` datetime DEFAULT NULL COMMENT '创建日期',
  `name` varchar(255) DEFAULT NULL COMMENT '名称',
  `pid` int(11) NOT NULL COMMENT '上级权限',
  PRIMARY KEY (`id`) USING BTREE
) ENGINE=InnoDB AUTO_INCREMENT=56 DEFAULT CHARSET=utf8;

#
# Data for table "permission"
#

INSERT INTO `permission` VALUES (1,'超级管理员','2018-12-03 12:27:48','ADMIN',0),(2,'用户管理','2018-12-03 12:28:19','USER_ALL',0),(3,'用户查询','2018-12-03 12:31:35','USER_SELECT',2),(4,'用户创建','2018-12-03 12:31:35','USER_CREATE',2),(5,'用户编辑','2018-12-03 12:31:35','USER_EDIT',2),(6,'用户删除','2018-12-03 12:31:35','USER_DELETE',2),(7,'角色管理','2018-12-03 12:28:19','ROLES_ALL',0),(8,'角色查询','2018-12-03 12:31:35','ROLES_SELECT',7),(10,'角色创建','2018-12-09 20:10:16','ROLES_CREATE',7),(11,'角色编辑','2018-12-09 20:10:42','ROLES_EDIT',7),(12,'角色删除','2018-12-09 20:11:07','ROLES_DELETE',7),(13,'权限管理','2018-12-09 20:11:37','PERMISSION_ALL',0),(14,'权限查询','2018-12-09 20:11:55','PERMISSION_SELECT',13),(15,'权限创建','2018-12-09 20:14:10','PERMISSION_CREATE',13),(16,'权限编辑','2018-12-09 20:15:44','PERMISSION_EDIT',13),(17,'权限删除','2018-12-09 20:15:59','PERMISSION_DELETE',13),(18,'缓存管理','2018-12-17 13:53:25','REDIS_ALL',0),(19,'新增缓存','2018-12-17 13:53:44','REDIS_CREATE',18),(20,'缓存查询','2018-12-17 13:54:07','REDIS_SELECT',18),(21,'缓存编辑','2018-12-17 13:54:26','REDIS_EDIT',18),(22,'缓存删除','2018-12-17 13:55:04','REDIS_DELETE',18),(23,'图床管理','2018-12-27 20:31:49','PICTURE_ALL',0),(24,'查询图片','2018-12-27 20:32:04','PICTURE_SELECT',23),(25,'上传图片','2018-12-27 20:32:24','PICTURE_UPLOAD',23),(26,'删除图片','2018-12-27 20:32:45','PICTURE_DELETE',23),(29,'菜单管理','2018-12-28 17:34:31','MENU_ALL',0),(30,'菜单查询','2018-12-28 17:34:41','MENU_SELECT',29),(31,'菜单创建','2018-12-28 17:34:52','MENU_CREATE',29),(32,'菜单编辑','2018-12-28 17:35:20','MENU_EDIT',29),(33,'菜单删除','2018-12-28 17:35:29','MENU_DELETE',29),(35,'定时任务管理','2019-01-08 14:59:57','JOB_ALL',0),(36,'任务查询','2019-01-08 15:00:09','JOB_SELECT',35),(37,'任务创建','2019-01-08 15:00:20','JOB_CREATE',35),(38,'任务编辑','2019-01-08 15:00:33','JOB_EDIT',35),(39,'任务删除','2019-01-08 15:01:13','JOB_DELETE',35),(40,'部门管理','2019-03-29 17:06:55','DEPT_ALL',0),(41,'部门查询','2019-03-29 17:07:09','DEPT_SELECT',40),(42,'部门创建','2019-03-29 17:07:29','DEPT_CREATE',40),(43,'部门编辑','2019-03-29 17:07:52','DEPT_EDIT',40),(44,'部门删除','2019-03-29 17:08:14','DEPT_DELETE',40),(45,'岗位管理','2019-03-29 17:08:52','USERJOB_ALL',0),(46,'岗位查询','2019-03-29 17:10:27','USERJOB_SELECT',45),(47,'岗位创建','2019-03-29 17:10:55','USERJOB_CREATE',45),(48,'岗位编辑','2019-03-29 17:11:08','USERJOB_EDIT',45),(49,'岗位删除','2019-03-29 17:11:19','USERJOB_DELETE',45),(50,'字典管理','2019-04-10 16:24:51','DICT_ALL',0),(51,'字典查询','2019-04-10 16:25:16','DICT_SELECT',50),(52,'字典创建','2019-04-10 16:25:29','DICT_CREATE',50),(53,'字典编辑','2019-04-10 16:27:19','DICT_EDIT',50),(54,'字典删除','2019-04-10 16:27:30','DICT_DELETE',50),(55,'微信管理','2019-05-05 17:05:13','WEIXIN_ALL',0);

#
# Structure for table "picture"
#

DROP TABLE IF EXISTS `picture`;
CREATE TABLE `picture` (
  `id` bigint(20) NOT NULL AUTO_INCREMENT COMMENT 'ID',
  `create_time` datetime DEFAULT NULL COMMENT '上传日期',
  `delete_url` varchar(255) DEFAULT NULL COMMENT '删除的URL',
  `filename` varchar(255) DEFAULT NULL COMMENT '图片名称',
  `height` varchar(255) DEFAULT NULL COMMENT '图片高度',
  `size` varchar(255) DEFAULT NULL COMMENT '图片大小',
  `url` varchar(255) DEFAULT NULL COMMENT '图片地址',
  `username` varchar(255) DEFAULT NULL COMMENT '用户名称',
  `width` varchar(255) DEFAULT NULL COMMENT '图片宽度',
  PRIMARY KEY (`id`) USING BTREE
) ENGINE=InnoDB AUTO_INCREMENT=3 DEFAULT CHARSET=utf8;

#
# Data for table "picture"
#


#
# Structure for table "qiniu_config"
#

DROP TABLE IF EXISTS `qiniu_config`;
CREATE TABLE `qiniu_config` (
  `id` bigint(20) NOT NULL AUTO_INCREMENT COMMENT 'ID',
  `access_key` text COMMENT 'accessKey',
  `bucket` varchar(255) DEFAULT NULL COMMENT 'Bucket 识别符',
  `host` varchar(255) NOT NULL COMMENT '外链域名',
  `secret_key` text COMMENT 'secretKey',
  `type` varchar(255) DEFAULT NULL COMMENT '空间类型',
  `zone` varchar(255) DEFAULT NULL COMMENT '机房',
  PRIMARY KEY (`id`) USING BTREE
) ENGINE=InnoDB AUTO_INCREMENT=2 DEFAULT CHARSET=utf8;

#
# Data for table "qiniu_config"
#


#
# Structure for table "qiniu_content"
#

DROP TABLE IF EXISTS `qiniu_content`;
CREATE TABLE `qiniu_content` (
  `id` bigint(20) NOT NULL AUTO_INCREMENT COMMENT 'ID',
  `bucket` varchar(255) DEFAULT NULL COMMENT 'Bucket 识别符',
  `name` varchar(255) DEFAULT NULL COMMENT '文件名称',
  `size` varchar(255) DEFAULT NULL COMMENT '文件大小',
  `type` varchar(255) DEFAULT NULL COMMENT '文件类型：私有或公开',
  `update_time` datetime DEFAULT NULL COMMENT '上传或同步的时间',
  `url` varchar(255) DEFAULT NULL COMMENT '文件url',
  PRIMARY KEY (`id`) USING BTREE
) ENGINE=InnoDB AUTO_INCREMENT=21 DEFAULT CHARSET=utf8;

#
# Data for table "qiniu_content"
#


#
# Structure for table "quartz_job"
#

DROP TABLE IF EXISTS `quartz_job`;
CREATE TABLE `quartz_job` (
  `id` bigint(20) NOT NULL AUTO_INCREMENT COMMENT 'ID',
  `bean_name` varchar(255) DEFAULT NULL COMMENT 'Spring Bean名称',
  `cron_expression` varchar(255) DEFAULT NULL COMMENT 'cron 表达式',
  `is_pause` bit(1) DEFAULT NULL COMMENT '状态：1暂停、0启用',
  `job_name` varchar(255) DEFAULT NULL COMMENT '任务名称',
  `method_name` varchar(255) DEFAULT NULL COMMENT '方法名称',
  `params` varchar(255) DEFAULT NULL COMMENT '参数',
  `remark` varchar(255) DEFAULT NULL COMMENT '备注',
  `update_time` datetime DEFAULT NULL COMMENT '创建或更新日期',
  PRIMARY KEY (`id`) USING BTREE
) ENGINE=InnoDB AUTO_INCREMENT=4 DEFAULT CHARSET=utf8;

#
# Data for table "quartz_job"
#

INSERT INTO `quartz_job` VALUES (1,'visitsTask','0 0 0 * * ?',b'0','更新访客记录','run',NULL,'每日0点创建新的访客记录','2019-01-08 14:53:31'),(2,'testTask','0/5 * * * * ?',b'1','测试1','run1','test','带参测试，多参使用json','2019-01-13 14:20:50'),(3,'testTask','0/5 * * * * ?',b'1','测试','run','','不带参测试','2019-04-09 16:16:44');

#
# Structure for table "quartz_log"
#

DROP TABLE IF EXISTS `quartz_log`;
CREATE TABLE `quartz_log` (
  `id` bigint(20) NOT NULL AUTO_INCREMENT,
  `baen_name` varchar(255) DEFAULT NULL,
  `create_time` datetime DEFAULT NULL,
  `cron_expression` varchar(255) DEFAULT NULL,
  `exception_detail` text,
  `is_success` bit(1) DEFAULT NULL,
  `job_name` varchar(255) DEFAULT NULL,
  `method_name` varchar(255) DEFAULT NULL,
  `params` varchar(255) DEFAULT NULL,
  `time` bigint(20) DEFAULT NULL,
  PRIMARY KEY (`id`) USING BTREE
) ENGINE=InnoDB DEFAULT CHARSET=utf8;

#
# Data for table "quartz_log"
#


#
# Structure for table "role"
#

DROP TABLE IF EXISTS `role`;
CREATE TABLE `role` (
  `id` bigint(20) NOT NULL AUTO_INCREMENT COMMENT 'ID',
  `create_time` datetime DEFAULT NULL COMMENT '创建日期',
  `name` varchar(255) NOT NULL COMMENT '名称',
  `remark` varchar(255) DEFAULT NULL COMMENT '备注',
  `data_scope` varchar(255) DEFAULT NULL,
  PRIMARY KEY (`id`) USING BTREE
) ENGINE=InnoDB AUTO_INCREMENT=4 DEFAULT CHARSET=utf8;

#
# Data for table "role"
#

INSERT INTO `role` VALUES (1,'2018-11-23 11:04:37','管理员','系统所有权','全部'),(2,'2018-11-23 13:09:06','普通用户','用于测试菜单与权限','自定义'),(3,'2019-05-05 17:54:33','微信用户','企业微信集成过来的用户','本级');

#
# Structure for table "roles_depts"
#

DROP TABLE IF EXISTS `roles_depts`;
CREATE TABLE `roles_depts` (
  `role_id` bigint(20) NOT NULL,
  `dept_id` bigint(20) NOT NULL,
  PRIMARY KEY (`role_id`,`dept_id`),
  KEY `FK7qg6itn5ajdoa9h9o78v9ksur` (`dept_id`),
  CONSTRAINT `FK7qg6itn5ajdoa9h9o78v9ksur` FOREIGN KEY (`dept_id`) REFERENCES `dept` (`id`),
  CONSTRAINT `FKrg1ci4cxxfbja0sb0pddju7k` FOREIGN KEY (`role_id`) REFERENCES `role` (`id`)
) ENGINE=InnoDB DEFAULT CHARSET=utf8;

#
# Data for table "roles_depts"
#

INSERT INTO `roles_depts` VALUES (2,7);

#
# Structure for table "roles_menus"
#

DROP TABLE IF EXISTS `roles_menus`;
CREATE TABLE `roles_menus` (
  `menu_id` bigint(20) NOT NULL COMMENT '菜单ID',
  `role_id` bigint(20) NOT NULL COMMENT '角色ID',
  PRIMARY KEY (`menu_id`,`role_id`) USING BTREE,
  KEY `FKcngg2qadojhi3a651a5adkvbq` (`role_id`) USING BTREE,
  CONSTRAINT `FKcngg2qadojhi3a651a5adkvbq` FOREIGN KEY (`role_id`) REFERENCES `role` (`id`),
  CONSTRAINT `FKq1knxf8ykt26we8k331naabjx` FOREIGN KEY (`menu_id`) REFERENCES `menu` (`id`)
) ENGINE=InnoDB DEFAULT CHARSET=utf8;

#
# Data for table "roles_menus"
#

INSERT INTO `roles_menus` VALUES (1,1),(1,2),(2,1),(2,2),(3,1),(3,2),(4,1),(4,2),(5,1),(5,2),(6,1),(6,2),(7,1),(8,1),(9,1),(10,1),(10,2),(11,1),(11,2),(12,1),(12,2),(14,1),(15,1),(15,2),(16,1),(16,2),(17,1),(17,2),(18,1),(18,2),(19,1),(19,2),(21,1),(21,2),(22,1),(22,2),(23,1),(23,2),(24,1),(24,2),(27,1),(27,2),(28,1),(30,1),(32,1),(33,1),(33,2),(34,1),(34,2),(35,1),(35,2),(36,1),(36,2),(37,1),(37,2),(38,1),(38,2),(39,1),(40,1),(40,3),(41,1),(41,3);

#
# Structure for table "roles_permissions"
#

DROP TABLE IF EXISTS `roles_permissions`;
CREATE TABLE `roles_permissions` (
  `role_id` bigint(20) NOT NULL COMMENT '角色ID',
  `permission_id` bigint(20) NOT NULL COMMENT '权限ID',
  PRIMARY KEY (`role_id`,`permission_id`) USING BTREE,
  KEY `FKboeuhl31go7wer3bpy6so7exi` (`permission_id`) USING BTREE,
  CONSTRAINT `FK4hrolwj4ned5i7qe8kyiaak6m` FOREIGN KEY (`role_id`) REFERENCES `role` (`id`),
  CONSTRAINT `FKboeuhl31go7wer3bpy6so7exi` FOREIGN KEY (`permission_id`) REFERENCES `permission` (`id`)
) ENGINE=InnoDB DEFAULT CHARSET=utf8;

#
# Data for table "roles_permissions"
#

INSERT INTO `roles_permissions` VALUES (1,1),(2,3),(2,4),(2,8),(2,14),(2,23),(2,24),(2,25),(2,26),(2,30),(2,41),(2,46),(3,55);

#
# Structure for table "user"
#

DROP TABLE IF EXISTS `user`;
CREATE TABLE `user` (
  `id` bigint(20) NOT NULL AUTO_INCREMENT COMMENT 'ID',
  `avatar` varchar(255) DEFAULT NULL COMMENT '头像地址',
  `create_time` datetime DEFAULT NULL COMMENT '创建日期',
  `email` varchar(255) DEFAULT NULL COMMENT '邮箱',
  `enabled` bigint(20) DEFAULT NULL COMMENT '状态：1启用、0禁用',
  `password` varchar(255) DEFAULT NULL COMMENT '密码',
  `username` varchar(255) DEFAULT NULL COMMENT '用户名',
  `last_password_reset_time` datetime DEFAULT NULL COMMENT '最后修改密码的日期',
  `dept_id` bigint(20) DEFAULT NULL,
  `phone` varchar(255) DEFAULT NULL,
  `job_id` bigint(20) DEFAULT NULL,
  PRIMARY KEY (`id`) USING BTREE,
  UNIQUE KEY `UK_kpubos9gc2cvtkb0thktkbkes` (`email`) USING BTREE,
  UNIQUE KEY `username` (`username`) USING BTREE,
  KEY `FK5rwmryny6jthaaxkogownknqp` (`dept_id`),
  KEY `FKfftoc2abhot8f2wu6cl9a5iky` (`job_id`),
  CONSTRAINT `FK5rwmryny6jthaaxkogownknqp` FOREIGN KEY (`dept_id`) REFERENCES `dept` (`id`),
  CONSTRAINT `FKfftoc2abhot8f2wu6cl9a5iky` FOREIGN KEY (`job_id`) REFERENCES `job` (`id`)
) ENGINE=InnoDB AUTO_INCREMENT=6 DEFAULT CHARSET=utf8;

#
# Data for table "user"
#

INSERT INTO `user` VALUES (1,'https://i.loli.net/2019/04/04/5ca5b971e1548.jpeg','2018-08-23 09:11:56','admin@eladmin.net',1,'e10adc3949ba59abbe56e057f20f883e','admin','2019-04-04 16:00:46',2,'18888888888',11),(3,'https://aurora-1255840532.cos.ap-chengdu.myqcloud.com/8918a306ea314404835a9196585c4b75.jpeg','2018-12-27 20:05:26','test@eladmin.net',1,'e10adc3949ba59abbe56e057f20f883e','test','2019-04-01 09:15:24',2,'17777777777',12),(5,'https://aurora-1255840532.cos.ap-chengdu.myqcloud.com/8918a306ea314404835a9196585c4b75.jpeg','2019-04-02 10:07:12','hr@eladmin.net',1,'e10adc3949ba59abbe56e057f20f883e','hr',NULL,11,'15555555555',8),(6,'https://aurora-1255840532.cos.ap-chengdu.myqcloud.com/8918a306ea314404835a9196585c4b75.jpeg','2019-05-05 17:58:19','qee@163.com',1,'e10adc3949ba59abbe56e057f20f883e','adtest',NULL,2,'13659257255',12),(7,'http://p.qlogo.cn/bizmail/MsdN3vG5SiajeQ5JEuUmYDDVWqzPNIND7uJBgZYe3YN6yeHjgXQLOpg/0','2019-05-05 18:06:09','66@mail.com',1,'40f1be2cd897b1f101e5257253178638','ccwq',NULL,2,'18888888888',12);

#
# Structure for table "user_test"
#

DROP TABLE IF EXISTS `user_test`;
CREATE TABLE `user_test` (
  `id` int(11) NOT NULL AUTO_INCREMENT COMMENT 'ID',
  `employeeid` varchar(11) DEFAULT NULL COMMENT '部门',
  `phone` varchar(15) DEFAULT NULL COMMENT '电话',
  `name` varchar(255) NOT NULL,
  `sign` int(10) DEFAULT '0' COMMENT ';0-1-',
  `nickName` varchar(255) DEFAULT NULL,
  `avatarUrl` varchar(1024) DEFAULT NULL,
  `gender` int(10) DEFAULT NULL COMMENT '0-1-',
  `openId` varchar(255) DEFAULT NULL COMMENT 'openid',
  `updatetime` timestamp NULL DEFAULT NULL ON UPDATE CURRENT_TIMESTAMP,
  `signMessage` varchar(255) DEFAULT NULL,
  `dengji` varchar(255) DEFAULT '0' COMMENT '等级',
  `biaoji` varchar(255) DEFAULT '0' COMMENT '标记',
  `sign_message` varchar(255) DEFAULT NULL COMMENT '留言',
  `sex` varchar(255) DEFAULT NULL COMMENT '性别',
  PRIMARY KEY (`id`)
) ENGINE=InnoDB AUTO_INCREMENT=535 DEFAULT CHARSET=utf8;

#
# Data for table "user_test"
#

INSERT INTO `user_test` VALUES (1,'null','17629261946','王琪',1,'王琪','http://shp.qpic.cn/bizmp/AjZlM6PD3XOU6powJwm9RNmBaTx8dNZrHZ7icRFicLRJibszCyATRF6Bg/',1,'yanyi31','2019-01-18 16:16:08','签到！','0','0',NULL,NULL),(2,'null','18049283188','刘保博',1,'刘保博','http://p.qlogo.cn/bizmail/TzOLEtIbhcr3iaxxribnOqlAkI4TqdDOlQgTfwV3W5s9FQ5fqVEGZtMg/0',1,'qq175638550','2019-01-21 17:09:56','新年快乐','1','1',NULL,NULL),(3,'32','18192316392','鲍风培',1,'鲍风培','http://p.qpic.cn/wwhead/duc2TvpEgSSWiaVLaJnssaWW64L0Xp7GlxJOuzBTYoeJjhwLFCVoGk4VK8FmMg3B8HnbyQTE9gTs/0',1,'baofengpei','2019-01-21 08:20:03','签到！','0','0',NULL,NULL),(4,'11','18691863167','李存杰',1,'李存杰','http://p.qlogo.cn/bizmail/po4JLeuic8TF1gCfiaLrwDTdQiaafAOcnUyafRCzTQw2iaLVicRvnqGYcIQ/0',1,'licunjie','2019-01-21 08:38:44','签到！','0','0',NULL,NULL),(5,'6','18629692051','魏小盟',1,'魏小盟','http://shp.qpic.cn/bizmp/AjZlM6PD3XOPJFpGXibRCibxCMN00B602YrbmO4B9kSeaK2LFLOYiauZg/',1,'yaner6','2019-01-21 08:39:58','签到！','0','0',NULL,NULL),(6,'32','13891868961','付彦虎',1,'付彦虎','http://shp.qpic.cn/bizmp/AjZlM6PD3XOUicJV1TicjXYtRvfbMXb9FXPBbYNmZnKPQvc3jrH7FM7g/',1,'zhineng17','2019-01-21 08:40:02','签到！','0','0',NULL,NULL),(7,'36,2','13609207557','赵青',1,'赵青','http://shp.qpic.cn/bizmp/AjZlM6PD3XO9XqzzwDibibXlOVPnXrVNEXpr6iaEvnptnxSDANUSZYuLg/',2,'yaner1','2019-01-21 16:46:15','签到！','2','1',NULL,NULL),(8,'11','15991739580','孙奇',1,'孙奇','http://p.qlogo.cn/bizmail/pmxlxiaPP0R2Ol6UwEJaNjZWA3Iw98lCkiawQiaKvZF7gejGN71mbr0pw/0',1,'jiance28','2019-01-21 08:40:04','新年快乐！','0','0',NULL,NULL),(9,'32','18091804918','胡飞',1,'胡飞','http://shp.qpic.cn/bizmp/AjZlM6PD3XMA93h0DGficnEM7z6EBMZuIgEpW4ZVy8QLEpTtEGic13aQ/',1,'hufei','2019-01-21 08:40:05','签到签到','0','0',NULL,NULL),(10,'11','13572407194','成博',1,'成博','http://shp.qpic.cn/bizmp/AjZlM6PD3XPUSmM8kv0nPTLHK0s2Qtic1n5G4DPcVbgfRnhicsiaVh3pg/',1,'jiance3','2019-01-21 08:40:05','签到！','0','0',NULL,NULL),(11,'6','13319244566','张忠海',1,'张忠海','http://shp.qpic.cn/bizmp/AjZlM6PD3XMK0WeJNmqqJRgb0r8nCtotlmdRmhq9aNmfibKN9PWqnmg/',1,'yaner2','2019-01-21 08:40:08','新年快乐','0','0',NULL,NULL),(12,'11','15709483383','冯鹏飞',1,'冯鹏飞','http://p.qlogo.cn/bizmail/Qn6qFmKP7aSsGrWUUTek09Up9TYkGsQuX17Gl57ibCDzg9uczqvdk1Q/0',1,'fengpengfei','2019-01-21 08:40:09','签到！','0','0',NULL,NULL),(13,'11','18165393991','张春新',1,'张春新','http://shp.qpic.cn/bizmp/AjZlM6PD3XNPKNLp4ZFufyybeeP3RUx5Pzw3GkzDsDPGfzEQJ6fnPw/',1,'jiance1','2019-01-21 08:40:15','签到！','0','0',NULL,NULL),(14,'6','18291839794','邹琳',1,'邹琳','http://shp.qpic.cn/bizmp/AjZlM6PD3XOPW5FZ6FEVazANM190OAIYKzkqgYrHBianMy1zibV8XPIQ/',2,'zoulin','2019-01-21 16:19:55','签到！','3','1',NULL,NULL),(15,'23','13891869608','刘宝龙',1,'刘宝龙','http://p.qpic.cn/wwhead/duc2TvpEgSSWiaVLaJnssaefX5MDcoibCeD36ic4zdXUqOsg56ms15GwlLMpBnT6ZwCuplZT3WUSw8/0',1,'liubaolong','2019-01-21 16:46:15','签到！','2','1',NULL,NULL),(16,'32','18502948336','张海岐',1,'张海岐','http://shp.qpic.cn/bizmp/AjZlM6PD3XO9XqzzwDibibXlOVPnXrVNEXfyoW9MzhUxbfLEaBAW5IHw/',1,'zhanghaiqi','2019-01-21 08:40:19','签到！','0','0',NULL,NULL),(17,'35','13379247125','张苑',1,'张苑','http://shp.qpic.cn/bizmp/AjZlM6PD3XNuTDlNFVuN037eaca2JSz3ROT9VSxZ5SsdCLrO5FmQ0A/',1,'yanyi12','2019-01-21 17:09:56','签到！','1','1',NULL,NULL),(18,'11','18066953451','鲁朋飞',1,'鲁朋飞','http://shp.qpic.cn/bizmp/AjZlM6PD3XO9XqzzwDibibXlOVPnXrVNEXcEHbMFp58sfMZfV2BjTNWA/',1,'lupengfei','2019-01-21 08:40:21','签到！','0','0',NULL,NULL),(19,'41','15829332050','雷征',1,'雷征','http://p.qlogo.cn/bizmail/ibn315BxGm4DYpDXSXtOic6J3RoibwLMiaibOiaMQ6Iicv2359ecoYCsVpiayw/0',1,'leizheng','2019-01-21 08:40:22','签到！','0','0',NULL,NULL),(20,'3','18291079120','李璠',1,'李璠','http://p.qpic.cn/wwhead/nMl9ssowtibVGyrmvBiaibzDkUgyW5OibXsWhMo0FsZNt11hhqR9o7cEttxR29IVbia4z75t9Dnufx18/0',2,'lifan2','2019-01-21 16:46:35','签到！','2','1',NULL,NULL),(21,'32','18681838505','巩坚',1,'巩坚','http://shp.qpic.cn/bizmp/AjZlM6PD3XMK0WeJNmqqJRgb0r8nCtotnwwyiaftOZR7lxfx9lyQia6w/',1,'zhineng48','2019-01-21 08:40:29','签到！','0','0',NULL,NULL),(22,'58','17602951807','郭军峰',1,'郭军峰','http://p.qlogo.cn/bizmail/hE191iaAyTHibxTDExDmgw08T1v7va9asjz0EJiakckXFic9W3iawLYctPw/0',1,'guojunfeng','2019-01-21 08:40:38','签到！','0','0',NULL,NULL),(23,'65','18191963030','马红伟',1,'马红伟','http://shp.qpic.cn/bizmp/AjZlM6PD3XOUicJV1TicjXYtRvfbMXb9FXvKhIUpSdZy4KvPFOttwpiaQ/',1,'jiankong11','2019-01-21 08:40:39','猪事大吉','0','0',NULL,NULL),(24,'45','18792761992','李峰',1,'李峰','https://shp.qpic.cn/bizmp/AjZlM6PD3XONickL69MEcUZ2M7qxSvT7IjsgdXkYIfUfnNNvPk9y89Q/',1,'weixiu34','2019-01-21 08:40:39','签到！','0','0',NULL,NULL),(25,'35','15209263781','辛勇',1,'辛勇','http://shp.qpic.cn/bizmp/AjZlM6PD3XOAkyCL125iaK9TxNATzDYWB328wpskHWzAa1m5HKy6tbw/',1,'xinyong','2019-01-21 08:40:42','签到！','0','0',NULL,NULL),(26,'31','18109180209','马青青',1,'马青青','http://shp.qpic.cn/bizmp/AjZlM6PD3XOoVhewIxT7lju4zYPb0QHUzNYQ6k9piaQvFQ8GV5JtIBg/',2,'maqingqing','2019-01-21 08:40:45','签到！','0','0',NULL,NULL),(27,'63','18392989552','陈朝森',1,'陈朝森','https://p.qlogo.cn/bizmail/4e58yJBpS7yCaAU7alyBOnqG8QbPfWlj8ViaPNxkN1BUYD99OLvVjmw/0',1,'chenchaosen','2019-01-21 08:40:45','签到！','0','0',NULL,NULL),(28,'31','18109180269','张媛媛',1,'张媛媛','http://shp.qpic.cn/bizmp/AjZlM6PD3XO73ial0IZtKGYgOVUusmla58873hW2S4ozWlrmXD0XwicA/',2,'zhangyuanyuan','2019-01-21 17:09:56','签到！','1','1',NULL,NULL),(29,'32','13303630419','鲍庆海',1,'鲍庆海','http://p.qlogo.cn/bizmail/eYyBKWicXbw5hw3nwPcnPlctl6bFgUUdQiaM1gCupvMS0HNu8rqqGtLg/0',1,'baoqinghai','2019-01-21 08:40:58','新年快乐','0','0',NULL,NULL),(30,'23','18302988798','张小斌',1,'张小斌','http://shp.qpic.cn/bizmp/AjZlM6PD3XOPW5FZ6FEVazANM190OAIYPVEVibmjhrxwGDO8qRyy8IA/',1,'zhangxiaobin','2019-01-21 08:40:58','签到！','0','0',NULL,NULL),(31,'3','15802973243','葛宜静',1,'葛宜静','http://shp.qpic.cn/bizmp/AjZlM6PD3XP1PJpzXtuTkyAs6Pqo44ZIJKibkNial8ydGl1TEXSjibdrg/',2,'caiwu3','2019-01-21 08:40:59','签到！','0','0',NULL,NULL),(32,'31','13572883719','宫兴伟',1,'宫兴伟','http://shp.qpic.cn/bizmp/AjZlM6PD3XMu8L3YQ6QicJ3RibfWT60wGmMcRFEWTSIMSz22IUHlYBdg/',1,'gongxingwei','2019-01-21 08:41:03','签到！','0','0',NULL,NULL),(33,'59','17791368071','王文伟',1,'王文伟','https://shp.qpic.cn/bizmp/AjZlM6PD3XNicGdEBBEXrckPMqdFUqQcNzZ8HjJBozlEgmOtdwE7hDQ/',1,'weixiu47','2019-01-21 08:41:03','大家新年快乐','0','0',NULL,NULL),(34,'42','15991723219','吴猛',1,'吴猛','http://shp.qpic.cn/bizmp/AjZlM6PD3XOoVhewIxT7lju4zYPb0QHUI5J7PxSVQvqWH8Hk4ytFpg/',1,'yidong12','2019-01-21 08:41:04','辞旧岁，迎新春，一年胜一年。','0','0',NULL,NULL),(35,'35','15229366765','归江波',1,'归江波','http://p.qlogo.cn/bizmail/xEpIia3zJyUvDpoWYEABbIJNYiaedB9pmtdWZLcXWmZsLE1EYzear7Fg/0',1,'guijiangbo','2019-01-21 08:41:10','来年业绩芝麻开花节节高，翔迅越来越好！','0','0',NULL,NULL),(36,'45','18829291731','宋保虎',1,'宋保虎','https://shp.qpic.cn/bizmp/AjZlM6PD3XNNAUUAnkVp1ApTA7pUkPfBptk9ibqu7WGzS3Xvnf5OwTg/',1,'songbaohu','2019-01-21 08:41:12','签到！','0','0',NULL,NULL),(37,'43','13992816981','王虎民',1,'王虎民','https://shp.qpic.cn/bizmp/AjZlM6PD3XNZ0SHia8icFOuicnITLvlRkJrE9EUrk7cUKJXq5xKiaJSIvQ/',1,'weixiu1','2019-01-21 16:20:27','新年，祝更好','3','1',NULL,NULL),(38,'31','18392394816','曹莹',1,'曹莹','http://p.qlogo.cn/bizmail/t7iaNEd1o4vdXxXWBN7VuBKCr5dswXjqSDTpMFfZyVHVzouql7AmwvA/0',2,'caoying','2019-01-21 08:41:15','签到！','0','0',NULL,NULL),(39,'6','18821722762','郑永强',1,'郑永强','http://shp.qpic.cn/bizmp/AjZlM6PD3XMg1OL1zHDgP8w2iaoF3V9b8gbmlbLiaOzx3gGteRibxTwUg/',1,'zhengyongqiang','2019-01-21 08:41:19','新年新气象/:lvu','0','0',NULL,NULL),(40,'32','19991936260','刘国泽',1,'刘国泽','http://p.qlogo.cn/bizmail/2Eic1A87HShpgXo7AgiaOendVeZxs7QsHgRqt0QBWpxePe83iahORNomw/0',1,'liuguoze','2019-01-21 08:41:26','签到！','0','0',NULL,NULL),(41,'35','15619309323','王佳川',1,'王佳川','http://p.qlogo.cn/bizmail/mw8BUlF9MibfUnltia0MN1XZMjKmTCDul75myTsjVb2pXqXXCn58xLKQ/0',1,'wangjiachuan','2019-01-21 08:41:28','签到！','0','0',NULL,NULL),(42,'63','18182446208','王鹏欢',1,'王鹏欢','http://p.qpic.cn/wwhead/duc2TvpEgSSWiaVLaJnssaRibKCSB1iaqMN9ia5VnzSuRHovcfuLaB73PK47DibxRLHWwt8AqichYNRM0/0',1,'wangpenghuan','2019-01-21 16:46:35','祝公司，新的一年，红红火火，万事大吉！','2','1',NULL,NULL),(43,'45','17791829192','李楠',1,'李楠','https://shp.qpic.cn/bizmp/AjZlM6PD3XO73ial0IZtKGYgOVUusmla5orw15ZMaewocEE4lIfTU4Q/',1,'weixiu9','2019-01-21 08:41:32','签到！','0','0',NULL,NULL),(44,'35','17791282034','朱磊',1,'朱磊','http://shp.qpic.cn/bizmp/AjZlM6PD3XMK0WeJNmqqJRgb0r8nCtotNHJXUiaJx0xJndSJK5v24dw/',1,'yidong56','2019-01-21 08:41:32','签到！','0','0',NULL,NULL),(45,'35','13309223064','韩国军',1,'韩国军','http://p.qpic.cn/wwhead/duc2TvpEgSSWiaVLaJnssafjyp0sThLuUl9qOX70uSuh6PXvNBGDkOJI5FB8GyUuFOmOGUgPA5RY/0',1,'hanguojun','2019-01-21 08:41:35','休息 休息一会儿','0','0',NULL,NULL),(46,'11','18729228527','王青松',1,'王青松','http://shp.qpic.cn/bizmp/AjZlM6PD3XMWRR9ZKNzudlunClMiaXuPjE0YJDy0U4DaBXLN828YZPw/',1,'wangqingsong','2019-01-21 08:41:42','签到！','0','0',NULL,NULL),(47,'11','18710910340','王毅',1,'王毅','http://p.qlogo.cn/bizmail/FuHXZrvIhEBWJKThrtHdobTDU0G2D9mCXXH9mrcI6XJJly25BbXe0A/0',1,'wangyi','2019-01-21 08:41:49','祝大家大吉大利','0','0',NULL,NULL),(48,'3','18392114896','杨孝利',1,'杨孝利','http://p.qpic.cn/wwhead/duc2TvpEgSSWiaVLaJnssaRVBdHJ7UxBiaf0HGW88QqicAibGibQ93gauQX8QZB38ne63ba52QbpVHUc/0',2,'yangxiaoli','2019-01-21 08:41:50','签到！','0','0',NULL,NULL),(49,'4','15619232117','周伟',1,'周伟','http://shp.qpic.cn/bizmp/AjZlM6PD3XMRd31pE9ibGhnNiaERicOssaPZGlGBBhctibuOib0icUiaw3uzA/',1,'shengchan7','2019-01-21 08:41:51','签到！','0','0',NULL,NULL),(50,'23','17795712025','冯雪林',1,'冯雪林','http://shp.qpic.cn/bizmp/AjZlM6PD3XMooTD8dibdlkSQbBL4PxwkJeDRGX1k6Ehq9vy2ZtqgN3w/',2,'fengxuelin','2019-01-21 08:41:53','签到！','0','0',NULL,NULL),(51,'60','15249295709','张成',1,'张成','https://shp.qpic.cn/bizmp/AjZlM6PD3XMnp3j0EKvaDXjePWic3sfBYbIHJwibma9k6BCU6U4bN8ag/',1,'zhangcheng','2019-01-21 08:42:04','签到！','0','0',NULL,NULL),(52,'4','15991451907','李思遥',1,'李思遥','http://p.qpic.cn/wwhead/duc2TvpEgSSWiaVLaJnssaaVbCjCUJ737ehH6G732nNYXNIZJFgNsBqsrD19JicS9Uj8Wy4RcM5ec/0',2,'shengchan11','2019-01-21 08:42:06','签到！','0','0',NULL,NULL),(53,'2','13289356260','史承华',1,'史承华','http://shp.qpic.cn/bizmp/AjZlM6PD3XOPJFpGXibRCibxCMN00B602YbJibkTS6t6hSib9D3fCGnycA/',1,'yaner20','2019-01-21 16:20:27','签到！','3','1',NULL,NULL),(54,'23','17702986930','高瑜容',1,'高瑜容','http://p.qpic.cn/wwhead/duc2TvpEgSSWiaVLaJnssabuDzas6HZic7IIc2uOeT04rqNniaicZJhfMGDibpmf6ylap5RibDS8LOSHE/0',2,'gaoyurong','2019-01-21 08:42:07','来喽','0','0',NULL,NULL),(55,'45','13325466367','王卫国',1,'王卫国','https://shp.qpic.cn/bizmp/AjZlM6PD3XO8icbAZdBdcOJncoic8XJQiapp7icib8oRklWQgGqva67QFBw/',1,'weixiu2','2019-01-21 16:46:15','凤凰涅槃，雄起长安，数风流人物还看今朝！','2','1',NULL,NULL),(56,'4','15398033065','李红波',1,'李红波','http://shp.qpic.cn/bizmp/AjZlM6PD3XOqI2VrficEOqA962mAowIwjDB2fTVtC3YkyptPUBBROmw/',1,'shengchan12','2019-01-21 08:42:10','祝公司财源广进，越来越好','0','0',NULL,NULL),(57,'57','18991749203','张佳1',1,'张佳1','http://shp.qpic.cn/bizmp/AjZlM6PD3XMD9Eq7vbYhYRVUFic7NT9P9zQaljrR98Nfh3SbtLYibWXA/',1,'zhangjia1','2019-01-21 16:20:11','签到！','3','1',NULL,NULL),(58,'60','16602910463','刘怀通',1,'刘怀通','http://p.qpic.cn/wwhead/duc2TvpEgSSWiaVLaJnssaWW64L0Xp7GlcAwuPyghkMVv4nIqR9CjB7HNp6aG6aqoUuJaYpXj0oY/0',1,'liuhuaitong','2019-01-21 08:42:18','签到！','0','0',NULL,NULL),(59,'55','13772496437','王涛',1,'王涛','http://shp.qpic.cn/bizmp/AjZlM6PD3XNHSIbEWIgckqBeR7QEHmUYw45M5zYLt8GBBULL17VdwA/',1,'wangtao','2019-01-21 16:19:55','签到！','3','1',NULL,NULL),(60,'35','13700228025','黄驰',1,'黄驰','http://shp.qpic.cn/bizmp/AjZlM6PD3XO73ial0IZtKGYgOVUusmla5jibS99ttQKuN5BXjHqXiaCJw/',1,'yidong8','2019-01-21 08:42:22','呵呵','0','0',NULL,NULL),(61,'23','13572930671','刘江普',1,'刘江普','http://shp.qpic.cn/bizmp/AjZlM6PD3XNDflia7iaOnVibcj1FiaZAEvO0T1GFJlTZLibDdAOrKfoNCHg/',1,'liujiangpu','2019-01-21 16:20:27','我要中个奖','3','1',NULL,NULL),(62,'60','18706851303','谢华伟',1,'谢华伟','https://p.qlogo.cn/bizmail/tcQQZOquS1TvHsD7QzicNaJibRj0oDFqCANo7ttLD4ZCNexYVzKX0iaXg/0',1,'xiehuawei','2019-01-21 17:09:56','签到！','1','1',NULL,NULL),(63,'4','13201668975','董超',1,'董超','http://shp.qpic.cn/bizmp/AjZlM6PD3XMDe2l4LMzN0FCoErLzHBL9icibqEcxHV5iacF1V2xgTicqPw/',1,'shengchan9','2019-01-21 08:42:32','签到！','0','0',NULL,NULL),(64,'4','15209287758','陈新怡',1,'陈新怡','http://p.qlogo.cn/bizmail/ib3Fvhupq1VQoJ5K47r4RTGlZW7ZZRFkz6oM87opAzST8icGHEkpCtibg/0',2,'chenxinyi','2019-01-21 16:19:55','好嗨呦','3','1',NULL,NULL),(65,'65','13488150975','梅建刚',1,'梅建刚','http://shp.qpic.cn/bizmp/AjZlM6PD3XMK0WeJNmqqJRgb0r8nCtot1KfgjVU8Dib6ANLrumcn5iaw/',1,'yidong51','2019-01-21 16:19:55','签到！','3','1',NULL,NULL),(66,'11','18729298845','代冬林',1,'代冬林','http://p.qlogo.cn/bizmail/0krXV2H0sCWczOrvwL2FuY9UficwK6mHwiaho2kFML6gRnvvko3fumPA/0',1,'daidonglin','2019-01-21 08:42:42','签到！','0','0',NULL,NULL),(67,'65','18591998210','郭涛',1,'郭涛','http://p.qlogo.cn/bizmail/VQww5QVAldYbQMaCzPJibUkbMSkNuCA94ERWia5gKGud4R58lO0ukYoA/0',1,'guotao','2019-01-21 16:20:27','签到！','3','1',NULL,NULL),(68,'23','15399050149','成瑾',1,'成瑾','http://p.qlogo.cn/bizmail/ia5nbzqpObPMbHO2eJeZeINdmQhz9IOvE7iaAJib9vU1Xw46rwBVYCt6A/0',2,'chengjin','2019-01-21 08:42:53','签到！','0','0',NULL,NULL),(69,'65','15029275268','赵富强',1,'赵富强','http://p.qlogo.cn/bizmail/jyyZR0FP5kHHGe3bspJyApSdVXPHQvpd5Q2mtT4jgJd7LVUDAAiaXSw/0',1,'zhaofuqiang','2019-01-21 08:42:53','签到！','0','0',NULL,NULL),(70,'65','15339050929','杨光磊',1,'杨光磊','http://p.qlogo.cn/bizmail/UeU4aibYKIGRGLk0iaugte2nB4qIhwTpH8iaujVhkokUIrTXLv2NyxjTw/0',1,'yangguanlei','2019-01-21 08:42:54','签到！','0','0',NULL,NULL),(71,'60','17792585010','陈媛媛',1,'陈媛媛','http://p.qlogo.cn/bizmail/eEMj17EP6rlMBAol1lNeAReSnnzfnwJNiaXYjqQ0jkWER80spM1TSGw/0',2,'chenyuanyuan','2019-01-21 08:42:54','签到！','0','0',NULL,NULL),(72,'4','18829218371','张莉',1,'张莉','http://shp.qpic.cn/bizmp/AjZlM6PD3XMA93h0DGficnEM7z6EBMZuI20URTNnxGp3l2CrH6OxJVQ/',2,'zhangli','2019-01-21 08:42:57','越来越好','0','0',NULL,NULL),(73,'60','15592196385','吕轩',1,'吕轩','https://p.qlogo.cn/bizmail/iaia9mCorHUmKvoicgqqq0yvDKzia73y2oFMibUIriaYVyxSE47bqVudBO7w/0',1,'lvxuan','2019-01-21 08:42:57','签到！','0','0',NULL,NULL),(74,'63','15599064212','李超',1,'李超','http://p.qlogo.cn/bizmail/FJE1Z8ibS7nDyWia6ib1Jib9lbsaJhxXNJagFhxAfALgqvYdKEribQFlapg/0',1,'lichao1','2019-01-21 08:43:10','签到！','0','0',NULL,NULL),(75,'31','17792253368','霍欢',1,'霍欢','http://p.qlogo.cn/bizmail/9QSzaGACbbqiaf1joK5M9rNV9yBmtibo00lYApibdxcibNJ9OLCk4Emn9g/0',2,'huohuan','2019-01-21 08:43:12','祝翔迅公司越来越好！','0','0',NULL,NULL),(76,'4','18209206373','贾强',1,'贾强','http://shp.qpic.cn/bizmp/AjZlM6PD3XNYEaI1XbaA3icvSNiaMmydniaPYWo3Hvk43DOsGcFtNfJjg/',1,'caigou7','2019-01-21 08:43:23','我来了','0','0',NULL,NULL),(77,'11','18009269016','杨强国',1,'杨强国','http://p.qlogo.cn/bizmail/2QQ2SndSNdgqxL8FsvWAzCrutiaKqJJMJF1UIsQvPgy5kBXeZf6ic04Q/0',1,'yangqiangguo','2019-01-21 08:43:24','签到！','0','0',NULL,NULL),(78,'11','13309265969','张毅',1,'张毅','http://p.qpic.cn/wwhead/nMl9ssowtibVGyrmvBiaibzDmUyOEN3fLc3AFn18ahA4GbEuR5hOzy0ibXjhTw2IVk3gBx6ibU0JfsDo/0',1,'zhangyi','2019-01-21 08:43:28','签到！','0','0',NULL,NULL),(79,'11','15029488967','勾通远',1,'勾通远','http://p.qlogo.cn/bizmail/XejKzd4RZiaRAQ17GO1fM15vfg3wBOf8iaIAmnqNEoJscbibLeNTO3L2g/0',1,'goutongyuan','2019-01-21 08:43:34','签到！','0','0',NULL,NULL),(80,'31','13991875186','陈喜荣',1,'陈喜荣','http://shp.qpic.cn/bizmp/AjZlM6PD3XOPW5FZ6FEVazANM190OAIYktxFPicYgux8DMfp7RHuV1w/',1,'chenxirong','2019-01-21 16:46:15','签到！','2','1',NULL,NULL),(81,'58','13685515153','张永超',1,'张永超','http://shp.qpic.cn/bizmp/AjZlM6PD3XMK0WeJNmqqJRgb0r8nCtotcC355GtibwxzrfibHNzflxdg/',1,'zhangyongchao','2019-01-21 08:43:54','签到！','0','0',NULL,NULL),(82,'65','18992059075','王振',1,'王振','http://shp.qpic.cn/bizmp/AjZlM6PD3XPSfunbn3uslRT5gYc9z6haaYVfY3bXUEFOq7pLHWXX5Q/',1,'yidong36','2019-01-21 08:43:55','环保部门报到','0','0',NULL,NULL),(83,'65','18629350902','任佳',1,'任佳','http://p.qlogo.cn/bizmail/YnWSTMJJ9tOMlbA3TPqfsRORsDNibrTZ6QkkzGojvKibKArWOF0ujkhw/0',1,'renjia','2019-01-21 16:20:11','我来了，我在现场','3','1',NULL,NULL),(84,'28','13629246120','马文平',1,'马文平','http://shp.qpic.cn/bizmp/AjZlM6PD3XPewiaIFXxxPz9n6DM6D6S8Mm5huX13xBJMQQAsibK8lOzg/',1,'mawenping','2019-01-21 16:19:55','白了否冷','3','1',NULL,NULL),(85,'65','13572435802','贾磊',1,'贾磊','http://p.qlogo.cn/bizmail/sdyOAuvrS3OAQibxc2yDylyqT5nrCXuzCKjM5lWXXIsr9XNO0sqWmzQ/0',1,'jialei','2019-01-21 08:44:08','新目标，新气象','0','0',NULL,NULL),(86,'41','15102909421','王莹',1,'王莹','http://p.qlogo.cn/bizmail/UJtfCOk8hGgktX0bVUVg2Rorr5XetDBTCteQpUOORHHajpqk6wNZSA/0',2,'wangying','2019-01-21 16:20:11','签到！','3','1',NULL,NULL),(87,'32','18629095353','李心愿',1,'李心愿','http://shp.qpic.cn/bizmp/AjZlM6PD3XPUSmM8kv0nPTLHK0s2Qtic1pjOksR91S1EKzRbicBrcSWg/',1,'zhineng5','2019-01-21 08:44:16','携手共进2019,2019奋力拼搏','0','0',NULL,NULL),(88,'59','18202988871','崔浪',1,'崔浪','https://shp.qpic.cn/bizmp/AjZlM6PD3XOCyATiaukO7Evzs2HoyqpWX0p2vHUrygrZPTna6H0NzYg/',1,'weixiu28','2019-01-21 08:44:20','新的2019！','0','0',NULL,NULL),(89,'65','13289815818','段万里',1,'段万里','http://p.qlogo.cn/bizmail/r6EF7KORLrYYmbNBmPtKIHWk0uDgJabuomLCsf8mFQS8UeGAXoJV1A/0',1,'duanwanli','2019-01-21 08:44:26','猪年行大运','0','0',NULL,NULL),(90,'11','13359279496','陈鹏钊',1,'陈鹏钊','http://shp.qpic.cn/bizmp/AjZlM6PD3XN9AdiauRaIEmlbibtlbzrJ89ggMLRRQQsgKrY4iclWMVMGQ/',1,'jiance13','2019-01-21 08:44:32','签到！','0','0',NULL,NULL),(91,'3','13571805255','梁姗姗',1,'梁姗姗','http://p.qpic.cn/wwhead/duc2TvpEgSSWiaVLaJnssaZLLBejutxDUQaiaXvzdxLshK7cx0TBreib2icxdNv5u5ZmYwPv2pSaiat8/0',2,'caiwu4','2019-01-21 16:20:27','签到！','3','1',NULL,NULL),(92,'41','13679259301','张婷1',1,'张婷1','http://p.qpic.cn/wwhead/duc2TvpEgSSWiaVLaJnssaT6o1PLfL3YS4n7xoicaPLcvjkx59jj9SbaA6EqHMMgd3mibzib0D65980/0',2,'zhangting1','2019-01-21 08:44:41','签到！','0','0',NULL,NULL),(93,'8','18966866111','孙振伟',1,'孙振伟','http://p.qpic.cn/wwhead/duc2TvpEgSSWiaVLaJnssadtlhuwpdynlGnE7rFN2AD6ZuJtmGZeuy0Yt5HdwOJlNmlZtJRicdaNQ/0',1,'yidong29','2019-01-21 08:44:46','签到！','0','0',NULL,NULL),(94,'31','15129295019','刘江',1,'刘江','http://shp.qpic.cn/bizmp/AjZlM6PD3XOicJhUNUs3cbRQb5nffBWVMuY5ibEZCHEnlF5mxQKicyRibA/',1,'liujiang','2019-01-21 16:19:55','签到！','3','1',NULL,NULL),(95,'23','17719562535','杨利萍',1,'杨利萍','http://p.qpic.cn/wwhead/duc2TvpEgSSWiaVLaJnssaRYjlgtzbib3Ay0xdWt09J3D0iaVx16xIEHCpNbSaZHmD4m4vn3icJmEwQ/0',2,'yangliping','2019-01-21 08:44:54','签到！','0','0',NULL,NULL),(96,'6','13720549541','祁齐',1,'祁齐','http://p.qlogo.cn/bizmail/iaF0BzzGl3SFSGsWoic2L1wqdXiaHP3gO5iaMXTlg6uJISS7MicKes9eNkQ/0',1,'qiqi','2019-01-21 08:44:54','新年快乐~','0','0',NULL,NULL),(97,'32','18009250328','胡一了',1,'胡一了','http://p.qpic.cn/wwhead/nMl9ssowtibVGyrmvBiaibzDrwtSr7IIUmTbEX2taicpG6gKCTFr0tIh7BpUa04LC5XYhFAx40JNRws/0',1,'huyiliao','2019-01-21 08:45:00','签到！','0','0',NULL,NULL),(98,'58','15955130093','谢吉磊',1,'谢吉磊','http://shp.qpic.cn/bizmp/AjZlM6PD3XMibvc1Nkr2UHQUNd3Lm8xcPYARR72Eibn93sn5obQjkRFQ/',1,'xiejilei','2019-01-21 08:45:01','19年想啥啥都有…','0','0',NULL,NULL),(99,'58','18622970732','刘雯娜',1,'刘雯娜','http://shp.qpic.cn/bizmp/AjZlM6PD3XNzxhmvo1WicQoLepiaAR3uVzNVtUgyOhKvNs8sD46iamqKQ/',2,'liuwenna','2019-01-21 08:45:03','诸事顺意','0','0',NULL,NULL),(100,'65','13913999504','叶飞龙',1,'叶飞龙','http://p.qpic.cn/wwhead/duc2TvpEgSSWiaVLaJnssafoDNWKc2RhhDT6bdPUn1mxxHo3DhBB7ZaxalicIcNlk3kZ6dqtnribwg/0',1,'yefeilong','2019-01-21 08:45:18','2019，我在这里～','0','0',NULL,NULL),(101,'21','15719181314','邢立鹏',1,'邢立鹏','http://p.qlogo.cn/bizmail/31AK0sv1XUMUGvHClUpT8BCbmMVICoyxqAFxLu08Pk7N02ZaIUbdTg/0',1,'xinglipeng','2019-01-21 08:45:38','签到！','0','0',NULL,NULL),(102,'57','18966852001','曾阳',1,'曾阳','http://shp.qpic.cn/bizmp/AjZlM6PD3XMDe2l4LMzN0FCoErLzHBL9vDvuZgoycjCzlCU4BvFnXA/',1,'yidong6','2019-01-21 08:45:39','好嗨哟 感觉人生已经到达了高潮','0','0',NULL,NULL),(103,'6','19802989950','耿泽瑞',1,'耿泽瑞','http://p.qpic.cn/wwhead/duc2TvpEgSSWiaVLaJnssabSrpZ2DlBkwePaXHMbHH6FSUDqTVgBialPeOkL6GdtcIyqm1rL008Mw/0',2,'gengzerui','2019-01-21 16:20:11','签到！','3','1',NULL,NULL),(104,'28','15038377287','李小翠',1,'李小翠','http://shp.qpic.cn/bizmp/AjZlM6PD3XNzxhmvo1WicQoLepiaAR3uVzUr9iaWpNyzj1XFa4YEAvTqA/',2,'yidong40','2019-01-21 08:45:43','猪年大嗨','0','0',NULL,NULL),(105,'55','13899906054','任亮',1,'任亮','http://p.qlogo.cn/bizmail/ibNdicO3lQqS7UjN3x5FReWtCCAqBFL5ncpSjAt28hzTl5RAnxBzvvnw/0',1,'renliang','2019-01-21 16:46:35','签到！','2','1',NULL,NULL),(106,'41','13720604390','王乙媛',1,'王乙媛','http://p.qlogo.cn/bizmail/YnbfskF4vcR5LxKicGHACx4pcJAdhulV4GANqicsMiavJ2lAI1rwseYcQ/0',2,'wangyiyuan','2019-01-21 08:46:05','签到！','0','0',NULL,NULL),(107,'4','15891751960','李海明',1,'李海明','http://shp.qpic.cn/bizmp/AjZlM6PD3XMRBBK6IP0WOJpUw8Jc1cgH8m1zB6O3GffO8HcdB6eX0w/',1,'shengchan14','2019-01-21 08:46:06','签到！','0','0',NULL,NULL),(108,'60','18629259610','尹晓明',1,'尹晓明','https://p.qlogo.cn/bizmail/l1rszKqEODdCJicz2PpmicUNQib2CABc52ISK6cq3LAa3JL7evKcg5YAg/0',1,'yinxiaoming','2019-01-21 08:46:11','签到！','0','0',NULL,NULL),(109,'59','17729390219','肖博',1,'肖博','https://shp.qpic.cn/bizmp/AjZlM6PD3XOjzkdqElMR5c16Hf6AgjD77wZCpZCCVSqB1IiayIxcQKA/',1,'xiaobo','2019-01-21 08:46:13','签到！','0','0',NULL,NULL),(110,'58','13720617184','林文军',1,'林文军','http://shp.qpic.cn/bizmp/AjZlM6PD3XOUicJV1TicjXYtRvfbMXb9FX54HA8lT4CH8fqa8md1Hw2g/',1,'zhineng7','2019-01-21 08:46:16','猪年大吉，吃好喝好','0','0',NULL,NULL),(111,'63','15249281080','邢张强',1,'邢张强','https://p.qlogo.cn/bizmail/8429iaD63GfjOlN8iaJLEicD40khuJQJelXlZeiaBBORu0TtUleo8NypWg/0',1,'xingzhangqiang','2019-01-21 08:46:17','签到！','0','0',NULL,NULL),(112,'55','18699131964','罗彦龙',1,'罗彦龙','http://shp.qpic.cn/bizmp/AjZlM6PD3XNwWialtUvy0DSIpgO2fr3IGWibGBpZb1m99sCbRUVl5N7g/',1,'luoyanlong','2019-01-21 08:46:21','签到！','0','0',NULL,NULL),(113,'11','17392487270','李亚',1,'李亚','http://p.qlogo.cn/bizmail/Ka6Asc1VjCCyB2vxfWedE9Dg5ibUccjApibic62Lq1m2uEmfX6Mb4Jicvw/0',2,'liya','2019-01-21 08:46:38','签到！','0','0',NULL,NULL),(114,'41','13892847776','郝琪琨',1,'郝琪琨','http://shp.qpic.cn/bizmp/AjZlM6PD3XMe6552HdhGNce3sMOhrqrHL6c9foECPcfOnnp0k7wTzA/',1,'haoqikun','2019-01-21 08:46:41','签到！','0','0',NULL,NULL),(115,'11','15249260621','李梦帆',1,'李梦帆','http://p.qlogo.cn/bizmail/Tn5VzIVClY0ShntUJia6JtxeZRUUHIXNCZj69EAZXFRPVdDfAOFSa0g/0',2,'limengfan','2019-01-21 08:46:59','签到！','0','0',NULL,NULL),(116,'45','18717316205','赵永兴',1,'赵永兴','https://p.qlogo.cn/bizmail/c6nHoYX0GM26c6Ciafoe7wXCJN1bb9CptEWeejax0H47v8iaBbqMnNyQ/0',1,'zhaoyongxing','2019-01-21 08:47:08','抽个大奖','0','0',NULL,NULL),(117,'11','15129085035','金召寿',1,'金召寿','http://shp.qpic.cn/bizmp/AjZlM6PD3XMNHZFZqGiak5ylbB5UXOY2w8Tg3oZOrqj7UB2rv8MxFbg/',1,'jinshaoshou','2019-01-21 08:47:09','签到！','0','0',NULL,NULL),(118,'58','13259999880','王永锋',1,'王永锋','http://p.qpic.cn/wwhead/duc2TvpEgSSWiaVLaJnssaRKNYS8QpOQsxSCU1Z401Gj7iajOibYjrpUQ3CtrPaVELmRic9cbXib1FpM/0',1,'yidong14','2019-01-21 08:47:19','愿19年瘦成一道闪电！','0','0',NULL,NULL),(119,'2','13319291263','杨倩',1,'杨倩','http://p.qpic.cn/wwhead/nMl9ssowtibVGyrmvBiaibzDjYhmwjwH3qSIDn9PQFmVcjm2Q6jXxaSTUzz93K6SZXmY3WicSkTk8D8/0',2,'zonghe5','2019-01-21 16:46:15','签到！','2','1',NULL,NULL),(120,'55','13399967163','杨涛涛',1,'杨涛涛','http://p.qpic.cn/wwhead/duc2TvpEgSSWiaVLaJnssaWQc4KFA3yrMvKrlRjC78Ozs4LFn2bCwicaoxUHfI7AYI2Uho19GKrRM/0',1,'13399967163','2019-01-21 08:47:38','签到！','0','0',NULL,NULL),(121,'11','18991980551','高艳军',1,'高艳军','http://p.qpic.cn/wwhead/dx4Y70y9XcvSiazHvUicn0E5g1iajyZKgeQCWWA4JHK7nacv6vSh6sC6ryKTpkt67VmmrzN4WhXoUc/0',1,'gaoyanjun','2019-01-21 08:48:00','携手共进，2019','0','0',NULL,NULL),(122,'45','18710846551','刘斌斌',1,'刘斌斌','https://p.qlogo.cn/bizmail/mgibUETE1kdaJib8vG2qbLuxyliasV1AZFtGzLIaMlGng74BoucibeTicvA/',1,'liubinbin','2019-01-21 08:48:01','签到！','0','0',NULL,NULL),(123,'2','13484538834','王方婷',1,'王方婷','http://shp.qpic.cn/bizmp/AjZlM6PD3XOia0yrz3uUteib9kiccc1hzR7ib2Nn1GPufcFZFpggSDW6Zg/',2,'wangfangting','2019-01-21 16:19:55','新年快乐！','3','1',NULL,NULL),(124,'6','13088973208','刘俊超',1,'刘俊超','http://p.qlogo.cn/bizmail/nVoiaicIUFCbDYuxQwQiaFV6uAibZZAW9CiajJYTibUO9Hnp86V6xz11VicyA/0',1,'liujunchao','2019-01-21 16:46:35','2019风雨同舟，共创辉煌。','2','1',NULL,NULL),(125,'45','13683049538','王艳霞',1,'王艳霞','http://p.qlogo.cn/bizmail/1AF2FmDypbWkm0KicHVp6mkpvuq5HNEibaybCJ5xOicBbUpOr53QiaFS9A/0',2,'wangyanxia','2019-01-21 16:20:11','签到！','3','1',NULL,NULL),(126,'11','15991260913','孙梦楠',1,'孙梦楠','http://p.qlogo.cn/bizmail/eYRvibwmQfgvwLyvAgaNw8yuMy66aibTH15n4Y5ko4Hlbs4zHwSoDNLg/0',2,'sunmengnan','2019-01-21 08:48:40','签到！','0','0',NULL,NULL),(127,'45','18691871392','杨韦辉',1,'杨韦辉','http://p.qlogo.cn/bizmail/MoAWvu04VjSxjahvgzjCHonzuJhM8IPH3wZuYmhWTgKYcqLz1XBejQ/0',1,'yangweihui','2019-01-21 16:20:11','签到！','3','1',NULL,NULL),(128,'59','15353521087','鲍晓龙',1,'鲍晓龙','https://p.qpic.cn/wwhead/duc2TvpEgSSWiaVLaJnssaRNzJAREwmB6daeRMkyLNyuFyZr70pzJqXYRr0Ky8xeysJh6hYW5snM/0',1,'weixiu19','2019-01-21 08:48:45','签到！','0','0',NULL,NULL),(129,'59','13892075631','张文强',1,'张文强','https://p.qlogo.cn/bizmail/Y33Yu9sJHp0Cyr9DL10ZWcCibeO54YPGerSoicErTSsnzJnrIC1QNPZw/0',1,'zhangwenqiang','2019-01-21 08:48:50','年会后暴富','0','0',NULL,NULL),(130,'6','17749036389','刘晨',1,'刘晨','http://shp.qpic.cn/bizmp/AjZlM6PD3XN9AdiauRaIEmlbibtlbzrJ89SfpnxKB73qeBsYVp6bNerA/',1,'liuchen','2019-01-21 16:46:15','签到！','2','1',NULL,NULL),(131,'57','13891014304','李想',1,'李想','http://shp.qpic.cn/bizmp/AjZlM6PD3XO73ial0IZtKGYgOVUusmla5zkiczZMMYdZc6aI15vLs9yQ/',1,'lixiang','2019-01-21 08:49:21','签到！','0','0',NULL,NULL),(132,'58','18671242565','孙远',1,'孙远','http://shp.qpic.cn/bizmp/AjZlM6PD3XNzxhmvo1WicQoLepiaAR3uVzIxEOrpW4X249mcW5CnS9icg/',1,'zhineng22','2019-01-21 08:49:24','签到！','0','0',NULL,NULL),(133,'58','17756083608','彭朝',1,'彭朝','http://shp.qpic.cn/bizmp/AjZlM6PD3XN9xlsVEtU6YIl0OtRc4lZcIE6RUY59Lzhkr6qXsb2Mmg/',1,'pengzhao','2019-01-21 08:49:57','猪年春意闹；龙舞国威扬。','0','0',NULL,NULL),(134,'58','18709865536','邵斌峰',1,'邵斌峰','http://p.qlogo.cn/bizmail/qQAI5cRRXzlnfHXKghNer8cjoxzFyLFkWbAIOhooyFpsjhwGfFktQw/0',1,'shaobinfeng','2019-01-21 08:50:17','签到！','0','0',NULL,NULL),(135,'30','17719547797','李钢峰',1,'李钢峰','http://shp.qpic.cn/bizmp/AjZlM6PD3XMu8L3YQ6QicJ3RibfWT60wGm35uibr7VyibGj5tZcHcGQHmQ/',1,'shengchan5','2019-01-21 08:50:26','签到！','0','0',NULL,NULL),(136,'6','15991716411','杨芸',1,'杨芸','http://shp.qpic.cn/bizmp/AjZlM6PD3XPzfhYQsqurtOAFayjfJaQH3VSXTWEHf8w6G3MfE7NM5A/',2,'yangyun','2019-01-21 08:50:35','签到！','0','0',NULL,NULL),(137,'59','13572476881','梁小强',1,'梁小强','https://p.qpic.cn/wwhead/duc2TvpEgSSWiaVLaJnssaYbQwu3hOgCmH5sk8FkwsQ6YJzUoDBDmSxB1LFMkXF4llX6YkB8d2n8/0',1,'liangxiaoqiang','2019-01-21 08:50:39','签到！','0','0',NULL,NULL),(138,'59','18802920671','郭俐廷',1,'郭俐廷','https://p.qlogo.cn/bizmail/app2mlYdJoU5iamQ97ouFBIDicvvUlK6jzFm7qEQuzwUwPPyZ5Q5WnAQ/0',2,'guoliting','2019-01-21 17:09:56','签到！','1','1',NULL,NULL),(139,'4','15891758315','王西安',1,'王西安','http://p.qlogo.cn/bizmail/KsdIZDm2UXXrum6ArsCcnQ8wNtZlVxRyC41piaWImhqeKvLdAx3d8jg/0',1,'wangxian','2019-01-21 08:50:40','签到！','0','0',NULL,NULL),(140,'32','13700228597','沈百川',1,'沈百川','http://p.qlogo.cn/bizmail/CIibDQlY3ibmIeKfr09Vw6AtGCylZulcvcMcCwNpnP8GUibqJ7aGoHXZg/0',1,'shenbaichuan','2019-01-21 08:50:40','签到！','0','0',NULL,NULL),(141,'8','17709183381','安云',1,'安云','http://shp.qpic.cn/bizmp/AjZlM6PD3XMK0WeJNmqqJRgb0r8nCtotCPndib6eXKK2M4hCQ9tMJwQ/',1,'zhineng39','2019-01-21 08:50:41','加油!','0','0',NULL,NULL),(142,'59','13002986878','郭彦龙',1,'郭彦龙','https://p.qpic.cn/wwhead/duc2TvpEgSQO4BpE0WZSZ2oxctHRZnkTZN3libNM0icIia9rMvdhu1xnPKfyuZCBLicvpAfkfhAfUCI/0',1,'guoyanlong','2019-01-21 08:50:42','签到！','0','0',NULL,NULL),(143,'60','15091769157','刘巍',1,'刘巍','https://shp.qpic.cn/bizmp/AjZlM6PD3XNuTDlNFVuN037eaca2JSz3b7Fx43bicibDqKBtcfOsV2vA/',1,'weixiu39','2019-01-21 08:50:42','签到！','0','0',NULL,NULL),(144,'60','18710868541','张鹏飞',1,'张鹏飞','https://p.qpic.cn/wwhead/duc2TvpEgSSWiaVLaJnssaY19NichFEjSMfd5nFWXs4eyFYbJE3TmQw3N8gTiaiaDKYvGfnYjVBIPZQ/0',1,'zhangpengfei','2019-01-21 08:50:42','签到！','0','0',NULL,NULL),(145,'6','18802954657','付超',1,'付超','http://shp.qpic.cn/bizmp/AjZlM6PD3XPCMRtnErCORS0ILAkUB1KF0qpiaK0ze4ib9n2sMqib35gNg/',1,'yaner22','2019-01-21 16:46:15','蒸蒸日上','2','1',NULL,NULL),(146,'21','18829355507','段兴林',1,'段兴林','http://shp.qpic.cn/bizmp/AjZlM6PD3XO9XqzzwDibibXlOVPnXrVNEXjrtoEVCalxia1398obzlCLA/',1,'duanxinglin','2019-01-21 08:50:44','签到！','0','0',NULL,NULL),(147,'45','18629020886','李彬',1,'李彬','https://shp.qpic.cn/bizmp/AjZlM6PD3XNicGdEBBEXrckPMqdFUqQcNpoTyQrGk0NhnDXcRyibphDQ/',1,'zhineng12','2019-01-21 08:50:45','签到！','0','0',NULL,NULL),(148,'59','18066813229','唐璐',1,'唐璐','https://shp.qpic.cn/bizmp/AjZlM6PD3XNUI0oyG22VGIvcU7kJAjjey3RpcYkgticfPAG9EFtl0Bw/',2,'tanglu','2019-01-21 08:50:46','签到！','0','0',NULL,NULL),(149,'2','13389181581','周颖',1,'周颖','http://shp.qpic.cn/bizmp/AjZlM6PD3XMqc5ermfZpFUnPLmrsYGOmFfN0ETicwRowYN4L8gZsABw/',1,'zhineng33','2019-01-21 08:50:47','签到！','0','0',NULL,NULL),(150,'6','15229241461','缪飞',1,'缪飞','http://shp.qpic.cn/bizmp/AjZlM6PD3XPzfhYQsqurtOAFayjfJaQH3QKaRibrf9h6FS7zRR224icA/',1,'yaner8','2019-01-21 08:50:49','签到！','0','0',NULL,NULL),(151,'59','15909202833','王勇',1,'王勇','https://p.qlogo.cn/bizmail/HWZ9lnibexajSibrvC4eHSNZNbbsWqshEKHFBPY6NwuaEWbe8YaBjZhA/0',1,'wangyong','2019-01-21 08:50:49','签到！','0','0',NULL,NULL),(152,'63','13474160164','赵超',1,'赵超','https://shp.qpic.cn/bizmp/AjZlM6PD3XPUSmM8kv0nPTLHK0s2Qtic1QzOaOIAoUtz87Suf5klQ9Q/',1,'weixiu42','2019-01-21 16:19:55','签到！','3','1',NULL,NULL),(153,'11','17629261028','陈恺煊',1,'陈恺煊','http://shp.qpic.cn/bizmp/AjZlM6PD3XOPW5FZ6FEVazANM190OAIY1Wr6oVsm5pqicsaUicKsnw9w/',1,'chenkaixuan','2019-01-21 08:51:00','签到','0','0',NULL,NULL),(154,'4','18109263891','刘宝成',1,'刘宝成','http://shp.qpic.cn/bizmp/AjZlM6PD3XNZ0SHia8icFOuicnITLvlRkJr8dEc4Z75rsmMEHL7Gic6UdQ/',1,'liubaocheng','2019-01-21 08:51:02','祝我们的翔迅公司2019年红红火火','0','0',NULL,NULL),(155,'65','15934832703','周彩玲',1,'周彩玲','http://p.qlogo.cn/bizmail/XqvJDKTnPJ6hQRt9TGvD6IaiaBLskHNTg6XKH6sS7O39oEVGBO8LLwg/0',2,'zhoucailing','2019-01-21 08:51:16','签到！','0','0',NULL,NULL),(156,'53','15719720007','刘国芳',1,'刘国芳','http://p.qpic.cn/wwhead/duc2TvpEgSSWiaVLaJnssaXPbARpqysW9yuL9bxmibF1saKPVAibw2iblM6RT4xKNnFmrgttzcw45cM/0',2,'liuguofang','2019-01-21 08:51:24','签到！','0','0',NULL,NULL),(157,'6','15399053386','王海荣',1,'王海荣','http://shp.qpic.cn/bizmp/AjZlM6PD3XOPW5FZ6FEVazANM190OAIYrgZWB9sbgib5ULMibscgKIQw/',1,'wanghairong','2019-01-21 08:51:26','签到！','0','0',NULL,NULL),(158,'11','13152494987','张科',1,'张科','http://p.qlogo.cn/bizmail/xHPESeEq3bRtm0MShiapCsVGmkpcVibnM3fo71Edg492RIxBn5bj6eiaA/0',1,'zhangke','2019-01-21 08:51:32','签到！','0','0',NULL,NULL),(159,'6','18502924050','李涛',1,'李涛','http://shp.qpic.cn/bizmp/AjZlM6PD3XOAwjE8LamekysQHdGI65d7aUdV8T8Fibib0QCxOzRjGMLw/',1,'yaner14','2019-01-21 08:51:33','签到！','0','0',NULL,NULL),(160,'63','18709223020','张旭',1,'张旭','https://shp.qpic.cn/bizmp/AjZlM6PD3XMfzh6xjNicZicapeWzzwfq4v3ibke4KKsAoNX66Xwmt8kDQ/',1,'zhangxu','2019-01-21 08:51:34','签到！','0','0',NULL,NULL),(161,'57','18109180212','卢银城',1,'卢银城','http://shp.qpic.cn/bizmp/AjZlM6PD3XO73ial0IZtKGYgOVUusmla5REo6OPHTW2dpO38VyLfpxQ/',1,'luyincheng','2019-01-21 08:51:48','签到！','0','0',NULL,NULL),(162,'63','13119109950','李飞',1,'李飞','http://p.qpic.cn/wwhead/dx4Y70y9XcvSiazHvUicn0E8YmBmFyhz5NQtWic9RWVwZAfBRyqngt4oPuiaChx4sLJ6q746UHwakHQ/0',1,'lifei','2019-01-21 08:51:57','祝翔迅IPO成功！！！','0','0',NULL,NULL),(163,'6','18291422295','苗旭',1,'苗旭','http://shp.qpic.cn/bizmp/AjZlM6PD3XOPW5FZ6FEVazANM190OAIYUCYmZq6wYNBryawia7eaAhQ/',1,'miaoxu','2019-01-21 08:52:10','哎呦，不错偶','0','0',NULL,NULL),(164,'45','13379057090','邵忠俊',1,'邵忠俊','https://shp.qpic.cn/bizmp/AjZlM6PD3XMK0WeJNmqqJRgb0r8nCtotZwib0BQAibX5hRDnORvsBxhA/',1,'weixiu18','2019-01-21 08:52:48','祝公司像巨龙般腾飞','0','0',NULL,NULL),(165,'63','18092527699','营旭东',1,'营旭东','https://shp.qpic.cn/bizmp/AjZlM6PD3XPnvmics8uDCKNdhJo7sibicDnkuPkqbHib0LVQto0J3gQ2pA/',1,'weixiu13','2019-01-21 08:52:49','签到！','0','0',NULL,NULL),(166,'57','13384960835','麻攀峰',1,'麻攀峰','http://shp.qpic.cn/bizmp/AjZlM6PD3XO1aMxWqKBiahQ94SLdNI8e1DFrvewAKwUC0JWE7fSp2kw/',1,'mafanfeng','2019-01-21 08:52:52','签到！','0','0',NULL,NULL),(167,'58','18656559975','龙斌',1,'龙斌','http://p.qlogo.cn/bizmail/1AsgQUVjqr8CuibSiaYXZCR6ZOScWg0GeL4DUHhMlibK1xswq3NgaUmOQ/0',1,'longbin','2019-01-21 08:53:05','签到！','0','0',NULL,NULL),(168,'59','17719563576','宋伟伟',1,'宋伟伟','https://p.qpic.cn/wwhead/duc2TvpEgSSWiaVLaJnssaQpvt5sxEhiaN3eGsqT3PwAHQkQtSwVl3EAH8gDfc0umk1G5mdhyfrWc/0',2,'weixiu15','2019-01-21 08:53:08','休假未能到现场，预祝年会顺利召开','0','0',NULL,NULL),(169,'60','18334792529','田晓丹',1,'田晓丹','https://p.qlogo.cn/bizmail/ekVXEbCMcDAsoibOjPob8jOkbexs2c2Fp4FA61dHENrUhic1xQibfeAhQ/0',2,'tianxiaodan','2019-01-21 08:53:10','新年快乐','0','0',NULL,NULL),(170,'6','18009280276','雷新明',1,'雷新明','http://shp.qpic.cn/bizmp/AjZlM6PD3XMnTnryukO6uhnTEadEZBUQ0E2GHKCI04pDTLqsUn9HSg/',1,'leixinming','2019-01-21 08:53:16','签到！','0','0',NULL,NULL),(171,'11','13572062263','罗卫国',1,'罗卫国','http://shp.qpic.cn/bizmp/AjZlM6PD3XOCyATiaukO7Evzs2HoyqpWXWYjtibYRWHGic4zZnYTBTjYQ/',1,'jiance11','2019-01-21 08:53:18','签到！','0','0',NULL,NULL),(172,'11','15319422142','温昌富',1,'温昌富','http://shp.qpic.cn/bizmp/AjZlM6PD3XPUSmM8kv0nPTLHK0s2Qtic1ckuQzKJErvI51z5vMGGEvg/',1,'jiance14','2019-01-21 08:53:26','2019年，新的一年会更好！','0','0',NULL,NULL),(173,'45','15319929664','张肖波',1,'张肖波','http://p.qlogo.cn/bizmail/O7hHOgp8bOjMjnjRAOMUkC541xywAtewD8AVmhfUxibYFb2RficvKFVQ/0',1,'zhangxiaobo','2019-01-21 08:53:30','祝2019年越来越好！','0','0',NULL,NULL),(174,'30','18502967366','蔺余余',1,'蔺余余','http://p.qlogo.cn/bizmail/WRiafVFRtVNU3HLichK4tLbF82P300iaePfT3mNJ2DORL2k09XRThopgw/0',1,'linyuyu','2019-01-21 08:53:42','签到！','0','0',NULL,NULL),(175,'45','17319523641','刘岗',1,'刘岗','https://p.qlogo.cn/bizmail/5Bpe59BYw4TmLZJiaJY3SPnhf4IIjOeKlMw1hQ6bt7KKL7zUGIqicxMQ/0',1,'liugang','2019-01-21 08:53:47','签到！','0','0',NULL,NULL),(176,'2','15829055133','国兆泳',1,'国兆泳','http://shp.qpic.cn/bizmp/AjZlM6PD3XNPKNLp4ZFufyybeeP3RUx5DnibY7mqFNzpCVYYMjwsPfw/',1,'jiankong1','2019-01-21 08:53:53','预祝翔迅科技继续腾飞，祝愿全体员工新春快乐，万事如意，阖家欢乐','0','0',NULL,NULL),(177,'59','18302915967','刘洋',1,'刘洋','https://p.qlogo.cn/bizmail/Fibvan6UXVGLYfOULLYOI8btyrmcjeBq1AbIhz9F32yIZRUWyYXtHTQ/0',2,'liuyang1','2019-01-21 08:54:02','签到！','0','0',NULL,NULL),(178,'6','17791541863','张斌',1,'张斌','http://shp.qpic.cn/bizmp/AjZlM6PD3XPBWZbKm6OMYnia2plTdNG7uhK5p5uOEibH7EypYEaWAWyQ/',1,'zhangbin','2019-01-21 16:19:55','祝公司越做越好','3','1',NULL,NULL),(179,'32','18089203691','杨春峰',1,'杨春峰','http://p.qlogo.cn/bizmail/8TwicYxwo4o1jYZNiaZkFwJC7jOEVP030uwIqWYliaiaQaebJwHcPTicIAw/0',1,'yidong38','2019-01-21 16:46:15','感恩有你，2019翔迅随行','2','1',NULL,NULL),(180,'6','15388621552','雷海波',1,'雷海波','http://shp.qpic.cn/bizmp/AjZlM6PD3XMK0WeJNmqqJRgb0r8nCtottCQTBUrh42yjjSL3VufZGw/',1,'yaner23','2019-01-21 16:46:15','2019还需继续……','2','1',NULL,NULL),(181,'62','18829283220','冯媛媛',1,'冯媛媛','http://p.qlogo.cn/bizmail/wmXxAJ1wz4pVNs8pm61cAKfsJmmGEysqAlicZIn98tdJzawNylbZA9w/0',2,'fengyuanyuan','2019-01-21 08:54:26','签到！','0','0',NULL,NULL),(182,'11','18092485414','张静鹏',1,'张静鹏','http://shp.qpic.cn/bizmp/AjZlM6PD3XNwWialtUvy0DSIpgO2fr3IGN13VPHk6Kia0rJ22ZQYVKoA/',1,'zhangjingpeng','2019-01-21 17:09:56','签到！','1','1',NULL,NULL),(183,'31','15029804368','宋勇亮',1,'宋勇亮','http://shp.qpic.cn/bizmp/AjZlM6PD3XOPW5FZ6FEVazANM190OAIYDlLPSXhcw3KbBBT1p8wlWw/',1,'songyongliang','2019-01-21 08:54:42','签到！','0','0',NULL,NULL),(184,'6','18509236764','归凯平',1,'归凯平','http://shp.qpic.cn/bizmp/AjZlM6PD3XNolAichrc8hGnZAZo8dBKXsI7pKRUaZozfW3iaj5YH0Dow/',1,'yaner18','2019-01-21 08:55:13','早上到底好不好,,Ծ^Ծ,,','0','0',NULL,NULL),(185,'6','18092005261','赵瑞涛',1,'赵瑞涛','http://shp.qpic.cn/bizmp/AjZlM6PD3XO73ial0IZtKGYgOVUusmla54eZmKrPf8akE81vcFKURkg/',1,'yaner4','2019-01-21 08:55:16','2019,加油↖(^ω^)↗','0','0',NULL,NULL),(186,'53','15509718806','赵学峰',1,'赵学峰','http://p.qlogo.cn/bizmail/7pl5flfgibffYblj6DKoiciarr5JmUS212FaQKOO329TJbRISNBmR3URQ/0',1,'zhaoxuefeng','2019-01-21 08:55:41','签到！','0','0',NULL,NULL),(187,'57','18684162766','王艳芳',1,'王艳芳','http://p.qlogo.cn/bizmail/TVBl2d23LZRfCdOvPU2tHL8unm9GkeRQdWNUIW4y5lASjFJRj2TTNQ/0',2,'wangyanfang','2019-01-21 08:55:42','签到！','0','0',NULL,NULL),(188,'59','18092079318','荣忠诚',1,'荣忠诚','https://p.qpic.cn/wwhead/duc2TvpEgSSWiaVLaJnssaefX5MDcoibCeFpiaXVbzgNMibyl8mQxH5CHoDibml5ultb5feOO3jQe9Kk/0',1,'rongzhongcheng','2019-01-21 08:55:44','签到！','0','0',NULL,NULL),(189,'57','15319991804','杨福利',1,'杨福利','http://p.qlogo.cn/bizmail/ibwxAmsxghrIvp0RqdwflWFJhZibBic6m56gC7usnzAhIhdH6sic2J8kAw/0',1,'yangfuli','2019-01-21 08:56:06','祝翔迅蒸蒸日上！','0','0',NULL,NULL),(190,'6','15319443309','王永建',1,'王永建','http://shp.qpic.cn/bizmp/AjZlM6PD3XO73ial0IZtKGYgOVUusmla5fylZVKiaSYj8KtyGFmSB79w/',1,'yanyi15','2019-01-21 08:56:10','祝公司越来越好！','0','0',NULL,NULL),(191,'6','17791898719','何波',1,'何波','http://shp.qpic.cn/bizmp/AjZlM6PD3XNPKNLp4ZFufyybeeP3RUx5VTmu74iaPiccgccPSKz1LpuQ/',1,'yanyi16','2019-01-21 08:56:11','签到！','0','0',NULL,NULL),(192,'45','13193322350','焦嘉琪',1,'焦嘉琪','http://p.qlogo.cn/bizmail/RgxrGrkK1icw1l62w3NJDZQWfNNeibUnibRic1EZvAuBFXBqMHTm2fVASg/0',1,'jiaojiaqi','2019-01-21 16:46:35','签到！','2','1',NULL,NULL),(193,'59','13165727187','安佳巍',1,'安佳巍','https://p.qlogo.cn/bizmail/ywA3dAyk85ZkZOrePkkj3opoc1zDOdpHHhpNVzhIhCFw2jP9sfQ8aQ/0',1,'anjiawei','2019-01-21 16:19:55','签到！','3','1',NULL,NULL),(194,'53','15353642695','田钊',1,'田钊','http://shp.qpic.cn/bizmp/AjZlM6PD3XMK0WeJNmqqJRgb0r8nCtottktfjd0cMK4dWAfwFKwHuw/',1,'yidong27','2019-01-21 17:09:56','签到！','1','1',NULL,NULL),(195,'11','15891393667','贾浪',1,'贾浪','http://shp.qpic.cn/bizmp/AjZlM6PD3XPPruSr7uv997uUAJBPZQ10ogIclibT44y6axLCcu0UQkQ/',1,'jialang','2019-01-21 08:56:37','签到！','0','0',NULL,NULL),(196,'6','18702957573','朱博',1,'朱博','http://shp.qpic.cn/bizmp/AjZlM6PD3XOCyATiaukO7Evzs2HoyqpWXEibfNpWladRfl7aEEdTVpbg/',1,'yaner11','2019-01-21 16:46:15','签到！','2','1',NULL,NULL),(197,'62','15934866210','张韬',1,'张韬','https://shp.qpic.cn/bizmp/AjZlM6PD3XO9XqzzwDibibXlOVPnXrVNEXu8jzHlDfQoFicmNxcrJhEdg/',1,'zhangtao','2019-01-21 08:56:43','签到！','0','0',NULL,NULL),(198,'6','13991290330','李东',1,'李东','http://p.qlogo.cn/bizmail/HTOyTJAJHicriaVxXaZv0BgNkxl4wZR3zzDtdllsjOgkHHFa8S3NZ3DQ/0',1,'lidong','2019-01-21 08:57:08','签到！','0','0',NULL,NULL),(199,'11','18629087622','雷飞',1,'雷飞','http://p.qlogo.cn/bizmail/qeFaOfM9YBhnZwpiaguw32KYLdtbNt3URwmEdsVXexyB0gvMdJZfruw/0',1,'leifei','2019-01-21 08:57:14','签到！','0','0',NULL,NULL),(200,'21','18629093201','李佳文',1,'李佳文','http://shp.qpic.cn/bizmp/AjZlM6PD3XNzxhmvo1WicQoLepiaAR3uVzwxtia7RT42sqtvL4xplCSXg/',1,'jiankong15','2019-01-21 16:19:55','签到！','3','1',NULL,NULL),(201,'11','13991811880','蒋雅楠',1,'蒋雅楠','http://shp.qpic.cn/bizmp/AjZlM6PD3XPfBoqtmSpr29liaMpeEs2sV21JI6fsCtoDXelTtrSjOow/',2,'zhineng21','2019-01-21 16:46:35','年会过了就是新的开始，2019加油！','2','1',NULL,NULL),(202,'57','18089219179','李晨',1,'李晨','http://p.qlogo.cn/bizmail/Gfhrj3n0h61lnDomKuJ9EgVDeibAUARnibbBlYgHU4aqRMNgRMahaic6w/0',1,'lichen','2019-01-21 08:57:30','加油，2019','0','0',NULL,NULL),(203,'59','13201535525','杨建峰',1,'杨建峰','http://p.qlogo.cn/bizmail/tKwmXD9ekZmiboXQ4cCrb6p1j3EutxH6zcYssjPAlHqjicYUaWaUDSNg/0',1,'weixiu32','2019-01-21 08:57:30','张成','0','0',NULL,NULL),(204,'63','13279275953','杨振宇',1,'杨振宇','https://shp.qpic.cn/bizmp/AjZlM6PD3XPvXhz0zIn5O2QDGLOniajOeqiaJvwrYrxbQO5ZaOvvMs9Q/',1,'shengchan13','2019-01-21 08:57:32','愿翔迅人在新的一年里砥砺奋进，共铸辉煌！','0','0',NULL,NULL),(205,'6','18629401720','霍晓军',1,'霍晓军','http://shp.qpic.cn/bizmp/AjZlM6PD3XOrZF6R5SKUnZC4JpVI2YDlLEuB3ltKE64Yfl8kpibibMlw/',1,'yaner13','2019-01-21 16:19:55','2019签到','3','1',NULL,NULL),(206,'62','18700968704','李帆1',1,'李帆1','https://p.qpic.cn/wwhead/duc2TvpEgSSWiaVLaJnssaZ8f9SWgFZwicZ6gGKZqa2HwoXKicDfWiaFOwdGmuRkfxOMZXh13bQWzyY/0',1,'lifan1','2019-01-21 08:58:00','新年快乐！','0','0',NULL,NULL),(207,'45','18393503657','朱永嘉',1,'朱永嘉','https://p.qpic.cn/wwhead/duc2TvpEgSSWiaVLaJnssaQia3GowowyQthasJ9CaiaGibY775Ln8HMGru9wBfvQiajDfhib0LrO9wpU8/0',1,'zhuyongjia','2019-01-21 16:46:35','签到！','2','1',NULL,NULL),(208,'57','15353616162','薛利媛',1,'薛利媛','http://p.qpic.cn/wwhead/duc2TvpEgSSWiaVLaJnssacYUOXoicpsTeQre88KvrUuEde8A58yADiaF6O1kEZ0mFLxQ4JSwZWquA/0',2,'xueliyuan','2019-01-21 16:20:11','Time stops for no one, and the seasons keep changing. ','3','1',NULL,NULL),(209,'58','18089203580','付杰',1,'付杰','http://shp.qpic.cn/bizmp/AjZlM6PD3XMK0WeJNmqqJRgb0r8nCtot34WZYGzicY1sCGz5DFrSKibg/',1,'yidong57','2019-01-21 08:58:07','签到！','0','0',NULL,NULL),(210,'58','18986031213','王晓阳',1,'王晓阳','http://shp.qpic.cn/bizmp/AjZlM6PD3XNzxhmvo1WicQoLepiaAR3uVzOTgeDPUbiaukViafkicicmfxmw/',1,'zhineng47','2019-01-21 08:58:07','签到！','0','0',NULL,NULL),(211,'4','18192152003','张凯',1,'张凯','http://shp.qpic.cn/bizmp/AjZlM6PD3XMDe2l4LMzN0FCoErLzHBL9xkjkJVB6KZByfzAItXjFTw/',1,'shengchan15','2019-01-21 08:58:54','签到！','0','0',NULL,NULL),(212,'63','15529020528','刘振华',1,'刘振华','https://shp.qpic.cn/bizmp/AjZlM6PD3XMRd31pE9ibGhnNiaERicOssaPMaFsZS18sAI5guEwyAibrAA/',1,'liuzhenhua','2019-01-21 08:59:21','签到！','0','0',NULL,NULL),(213,'59','15619006792','马戎戎',1,'马戎戎','https://p.qlogo.cn/bizmail/dbMW9UZZSRKufUhzD2rOC1NVE99ibJghuoqz2nE3FeD9GlXMoJEyuJQ/',2,'marongrong','2019-01-21 16:46:35','签到！','2','1',NULL,NULL),(214,'4','18966712772','陈鑫',1,'陈鑫','http://shp.qpic.cn/bizmp/AjZlM6PD3XMWRR9ZKNzudlunClMiaXuPjYaGtMfLQFlGicH6jp0ZzhFQ/',1,'chenxin','2019-01-21 16:20:27','签到！','3','1',NULL,NULL),(215,'31','13659202851','李扬',1,'李扬','http://p.qpic.cn/wwhead/duc2TvpEgSSWiaVLaJnssaRicBduHfvibQ9MacvhX22YYsyeZsHVFTwG0lohL6DK2xMA0SpdZ8qEGg/0',1,'liyang1','2019-01-21 09:00:15','签到！','0','0',NULL,NULL),(216,'63','18691562806','唐亮',1,'唐亮','http://p.qlogo.cn/bizmail/RgFsMvtPQ25gQNoJd1wyC91p1A4RJt1G2EP8Y7njicYic8KiazNJPlgRg/0',1,'tangliang','2019-01-21 09:00:19','签到！','0','0',NULL,NULL),(217,'65','18347179212','胡彦龙',1,'胡彦龙','http://p.qlogo.cn/bizmail/If3SRzDtE5mO2QfX6TmvBlgLJdlrpta0GyibvEhWVbNkJdkhoibAHdxA/0',1,'huyanlong','2019-01-21 09:00:31','签到！','0','0',NULL,NULL),(218,'63','15667074185','王振川',1,'王振川','http://p.qlogo.cn/bizmail/IAZQxXy87wz3xGiaVZmeib38m7ibUicemCIsLiaicecec7oJWPcqoBHfN0HA/0',1,'wangzhenchuan','2019-01-21 09:00:41','祝咱翔迅科技日益辉煌，腾飞腾达','0','0',NULL,NULL),(219,'59','18629336723','李刚',1,'李刚','https://shp.qpic.cn/bizmp/AjZlM6PD3XMuT0kib97S8ILpJHfjS2ibAtvqicO6RacxJ7tjzsK3icqAyw/',1,'ligang','2019-01-21 09:01:16','喜迎佩奇','0','0',NULL,NULL),(220,'28','13936275207','白福全',1,'白福全','http://p.qlogo.cn/bizmail/Ru8HiaNlxR5GCuoRNKZW9ZcAAqcJfgx7KA2L7hEicA24wGGGbcD4n5lA/0',1,'baifuquan','2019-01-21 09:01:28','努力2019！','0','0',NULL,NULL),(221,'60','13572184156','余齐严',1,'余齐严','https://shp.qpic.cn/bizmp/AjZlM6PD3XOlBX7lJ9rTQqVOl10V8WRvibKfyvK0BkU2bFqcj0icpNEQ/',1,'weixiu25','2019-01-21 09:02:10','签到！','0','0',NULL,NULL),(222,'45','15398076440','赵志学',1,'赵志学','https://p.qlogo.cn/bizmail/MliaeyPibqaz2GQpZKWdVYHlElN0lLYRxQGmVGNZPV3jneKCVNmnvA2w/0',1,'zhaozhixue','2019-01-21 16:46:15','新年快乐','2','1',NULL,NULL),(223,'45','17795799092','张新强',1,'张新强','http://p.qlogo.cn/bizmail/NZHGHjlVRk70k5WmU6YiaWOgb3QlPibicYB39dULDlUVsOx1xG6tUBEWA/0',1,'zhangxinqiang','2019-01-21 09:02:58','签到！','0','0',NULL,NULL),(224,'4','17809299243','朱哲',1,'朱哲','http://shp.qpic.cn/bizmp/AjZlM6PD3XOMUaE54Vu30jmtITOc5m7fBhQxmeqGSv6eIfzwMyPWLQ/',1,'zhuzhe','2019-01-21 09:03:05','签到！','0','0',NULL,NULL),(225,'62','18629299855','杨乃国',1,'杨乃国','https://p.qlogo.cn/bizmail/Mur41DyuC1rCIPPfsIIf4P8ao1CO1EVfoalnOu0c6Wm1jzpIzkrshw/0',1,'yangnaiguo','2019-01-21 09:03:50','签到！','0','0',NULL,NULL),(226,'55','15193153075','田建伟',1,'田建伟','http://shp.qpic.cn/bizmp/AjZlM6PD3XOoVhewIxT7lju4zYPb0QHUwnWT9SialLVmpXmyWcExVfA/',1,'tianjianwei','2019-01-21 16:20:11','签到！','3','1',NULL,NULL),(227,'6','18729346375','田勃',1,'田勃','http://shp.qpic.cn/bizmp/AjZlM6PD3XM0YjZQrJjIDVo27UyicbEnZtO27de5c4RSDrnw2wiaZZvA/',1,'tianbo','2019-01-21 16:46:15','佩奇佩奇','2','1',NULL,NULL),(228,'6','15291069996','薛松洁',1,'薛松洁','http://shp.qpic.cn/bizmp/AjZlM6PD3XMDe2l4LMzN0FCoErLzHBL9G1V4eEXukDTMbqwLoaTTYw/',2,'yaner21','2019-01-21 09:05:15','签到！','0','0',NULL,NULL),(229,'31','13402979352','廖海东',1,'廖海东','http://p.qlogo.cn/bizmail/knUglyv1nQHW6XLAg8d9AWzbW8vf3fvroKSFzYVa8eurjxr6RKmP0w/0',1,'liaohaidong','2019-01-21 09:05:35','时间往前走，一九上层楼','0','0',NULL,NULL),(230,'59','13649233099','千佳琦',1,'千佳琦','http://p.qpic.cn/wwhead/duc2TvpEgSSWiaVLaJnssaQ3kCR3Xc8zBWX0D53q9MBoHcqJZzvr8weicBrVySAFQsFvKmMXueFmk/0',1,'qianjiaqi','2019-01-21 09:05:41','签到！','0','0',NULL,NULL),(231,'45','17809162889','武瑞涛',1,'武瑞涛','http://p.qlogo.cn/bizmail/DHrQcR8ZbrTicasM9mP916qmqpW3pq8jGGgbfTlemGWwC9eT8U0Vebw/0',1,'wuruitao','2019-01-21 09:06:11','签到！','0','0',NULL,NULL),(232,'3','18191412755','李振宇',1,'李振宇','http://p.qpic.cn/wwhead/duc2TvpEgSSWiaVLaJnssaQ7LRTzfDaj4f78v7HDEUQHDK6X5l0Y8FvOo77rppXFvreZ7flCwiaiaM/0',2,'lizhenyu','2019-01-21 17:09:56','签到！','1','1',NULL,NULL),(233,'45','13289355085','梁全',1,'梁全','https://p.qpic.cn/wwhead/duc2TvpEgSSWiaVLaJnssaYbQwu3hOgCm3DwHVbZEYQ85nr0aibTeDZNCG3N71065fSpuZYnPodXQ/0',1,'liangquan','2019-01-21 09:06:47','腾飞在19年的翔迅','0','0',NULL,NULL),(234,'53','18191911210','袁伟凯',1,'袁伟凯','http://shp.qpic.cn/bizmp/AjZlM6PD3XMDe2l4LMzN0FCoErLzHBL9ljOGAzqMNLqOGibSTFaZoDg/',1,'yuanweikai','2019-01-21 09:07:01','携手共赢，再创辉煌～','0','0',NULL,NULL),(235,'28','13892833847','杨卫锋',1,'杨卫锋','http://shp.qpic.cn/bizmp/AjZlM6PD3XPfBoqtmSpr29liaMpeEs2sVtWNewUT3aibrykVZv4j9UhQ/',1,'zhineng13','2019-01-21 09:07:04','猪年好事多，幸福喜颜开。翔迅大发展，梦想会成真。','0','0',NULL,NULL),(236,'3','13759948985','李娇妮',1,'李娇妮','http://p.qpic.cn/wwhead/duc2TvpEgSSWiaVLaJnssaRD8rY3CuFYKDuaTBfOo7KsCNdWkEMibL6DPMO7zib8DrU6ib7FDGofIYM/0',2,'caiwu5','2019-01-21 16:46:35','签到！','2','1',NULL,NULL),(237,'4','13709246460','王肖',1,'王肖','http://shp.qpic.cn/bizmp/AjZlM6PD3XMRd31pE9ibGhnNiaERicOssaP5B3h5ib6ibEw7uRSsiaoPKVvw/',1,'caigou6','2019-01-21 09:07:09','签到！','0','0',NULL,NULL),(238,'2','18091863669','张彦伟',1,'张彦伟','http://shp.qpic.cn/bizmp/AjZlM6PD3XNPKNLp4ZFufyybeeP3RUx5Mxa3uRS1icWo2KLJo0FiciaNA/',1,'zyw','2019-01-21 09:07:17','签到！','0','0',NULL,NULL),(239,'6','13720612558','张永杰',1,'张永杰','http://shp.qpic.cn/bizmp/AjZlM6PD3XPCMRtnErCORS0ILAkUB1KFfYSPeM0qtFPyUQ9M5LFltg/',1,'yanyi19','2019-01-21 09:08:36','祝翔迅公司再创新高','0','0',NULL,NULL),(240,'41','18192333660','董振海',1,'董振海','http://p.qlogo.cn/bizmail/0HeujGVToSJC7snvCXQaxrEtDRznGljtGOkA0fa97qwfvO2sM6ibang/0',1,'zhineng44','2019-01-21 09:09:33','祝愿翔迅科技猪年大吉，一飞冲天！','0','0',NULL,NULL),(241,'30','13811831171','朱常乐',1,'朱常乐','http://shp.qpic.cn/bizmp/AjZlM6PD3XMK0WeJNmqqJRgb0r8nCtotHtOfCNZIh5xr5sw60Ynkrg/',1,'zcl','2019-01-21 09:09:48','签到！','0','0',NULL,NULL),(242,'31','13759996393','孙若萌',1,'孙若萌','http://shp.qpic.cn/bizmp/AjZlM6PD3XPJs79hhK454TA79j0f1kTzAz6aLgbNQR45BxUdmiamXqQ/',2,'sunruomeng','2019-01-21 09:09:50','签到！','0','0',NULL,NULL),(243,'11','13488313325','宣雪莲',1,'宣雪莲','http://shp.qpic.cn/bizmp/AjZlM6PD3XOPW5FZ6FEVazANM190OAIYTDOSiaicQeCp1p5ukr6kdejg/',2,'xuanxuelian','2019-01-21 16:46:35','签到！','2','1',NULL,NULL),(244,'28','13772079615','成博1',1,'成博1','http://shp.qpic.cn/bizmp/AjZlM6PD3XNS3oickicqjNjZlcuVhsvKKia8qBveoZS76SibW9jEm3icwgw/',1,'chengbo1','2019-01-21 09:12:07','签到！','0','0',NULL,NULL),(245,'6','15353642136','陈飞',1,'陈飞','http://shp.qpic.cn/bizmp/AjZlM6PD3XOPW5FZ6FEVazANM190OAIYRwz2icT2fBkiazQmOiaDdia2bQ/',1,'chenfei1','2019-01-21 09:13:49','祝翔迅 立足新的起点，迈上新的征程，开创新的辉煌！','0','0',NULL,NULL),(246,'63','15719296897','韦鹏飞',1,'韦鹏飞','https://shp.qpic.cn/bizmp/AjZlM6PD3XO73ial0IZtKGYgOVUusmla5sZDYxZxbHPSY1lLnmiccULA/',1,'weipengfei','2019-01-21 09:14:03','翔迅2019加油','0','0',NULL,NULL),(247,'41','18700599909','苏婕',1,'苏婕','http://shp.qpic.cn/bizmp/AjZlM6PD3XMa3tkBf4ZpOhzPF9CsfrHYp7alVeXvEKSIXbWSfxCGvQ/',2,'sujie','2019-01-21 09:14:05','签到！','0','0',NULL,NULL),(248,'65','18966711020','杨月',1,'杨月','http://shp.qpic.cn/bizmp/AjZlM6PD3XOFPL4ExEibMSUNloXFFc25Hk621fwHicictDePunj2JvzhQ/',2,'yangyue','2019-01-21 17:09:56','签到！','1','1',NULL,NULL),(249,'2','18165388932','刘冬蕾',1,'刘冬蕾','http://shp.qpic.cn/bizmp/AjZlM6PD3XP3uyoZW6GQiakHx9bV873JoukkzichaibNvIHA8CPJLaz0g/',2,'liudonglei','2019-01-21 16:20:11','签到！','3','1',NULL,NULL),(250,'65','18729526812','陈航英',1,'陈航英','http://p.qlogo.cn/bizmail/2mkSszrk02ecoV9y7Ge5G4HT08dJ3A8T3AV8NmTznRmHjIOzs35ibIw/0',2,'chenhangying','2019-01-21 09:14:43','签到！','0','0',NULL,NULL),(251,'23','13649219367','独家琛',1,'独家琛','http://p.qpic.cn/wwhead/duc2TvpEgSSWiaVLaJnssabSrpZ2DlBkwleaficwbAV6TH7D0BBBTg5iaW1CIuqp8dLF4ib46ZM87XU/0',1,'dujiachen','2019-01-21 09:15:04','123','0','0',NULL,NULL),(252,'53','13995401469','岳太福',1,'岳太福','http://p.qlogo.cn/bizmail/uOOg4NOs6JSYwRicdxZ8vbAEc7ibh5gaE0WaJQHQQI7JwTq9ECsQKEMA/0',1,'yuetaifu','2019-01-21 16:46:15','签到！','2','1',NULL,NULL),(253,'20','18092691982','孙照莹',1,'孙照莹','http://shp.qpic.cn/bizmp/AjZlM6PD3XNc95bZhQ6dAVVn0yP9DaicHiaEoJKfXErORZL4AEHBLdBg/',2,'szy','2019-01-21 16:20:11','携手共进2019','3','1',NULL,NULL),(254,'36','18629647913','蒋枭',1,'蒋枭','http://shp.qpic.cn/bizmp/AjZlM6PD3XO9XqzzwDibibXlOVPnXrVNEXPhpsazUk6JtFZ3IRYaRcicw/',1,'jiangxiao','2019-01-21 09:15:42','签到！','0','0',NULL,NULL),(255,'3','15029805692','康彤',1,'康彤','http://p.qpic.cn/wwhead/nMl9ssowtibVGyrmvBiaibzDviaL9Kt8tlx29hdoicdQDQria3GG1YwgniaSbez5lCwmicDxIFfplH6w7fo/0',2,'kangtong','2019-01-21 09:16:01','x n k l','0','0',NULL,NULL),(256,'4','18049229160','许科',1,'许科','http://p.qpic.cn/wwhead/duc2TvpEgSSWiaVLaJnssabqaUicIZ52pLYGcg9PsCwXLyia6DlicyBE9x8scvux4fS43B41zyuCYTY/0',1,'xuke','2019-01-21 09:16:02','签到！','0','0',NULL,NULL),(257,'36','18792486427','吴丹',1,'吴丹','http://p.qpic.cn/wwhead/nMl9ssowtibVGyrmvBiaibzDjLPmIvf4c1ZZsI4CAuUz77pc1V10IlkEZWgUUZr4MkiajMowD0Xos30/0',2,'wudan','2019-01-21 09:16:24','签到！','0','0',NULL,NULL),(258,'41','18066832579','李茹',1,'李茹','http://shp.qpic.cn/bizmp/AjZlM6PD3XMDe2l4LMzN0FCoErLzHBL9TvOK1STicSe6AKOU3NX4sWw/',2,'yidong58','2019-01-21 09:16:30','签到！','0','0',NULL,NULL),(259,'62','18792602139','田凌波',1,'田凌波','http://p.qpic.cn/wwhead/nMl9ssowtibVGyrmvBiaibzDrEibqVlQ7EuCvu2TVSZJ6hhDyJZRWtkuw1TeicWHrPHmicWC3wafpm5Ck/0',1,'tianlingbo','2019-01-21 16:20:27','签到！','3','1',NULL,NULL),(260,'3','13689249857','薛欢',1,'薛欢','http://p.qlogo.cn/bizmail/QESeFlRoTDwsuyoHVdWFhpCG5j0tz2ial9bxp3icglqjG03MdNDU4LXQ/0',2,'xuehuan','2019-01-21 09:16:55','2019，还是一起。','0','0',NULL,NULL),(261,'31','18792712782','彭艳宁',1,'彭艳宁','http://p.qlogo.cn/bizmail/QJdnHia5XBsiaEUxHFvr51PAgFzOZFF5kFF75O7jtL79icTkBPMAokiclg/0',2,'pengyanning','2019-01-21 16:46:35','签到！','2','1',NULL,NULL),(262,'59','15771977723','任东辉',1,'任东辉','https://shp.qpic.cn/bizmp/AjZlM6PD3XMK0WeJNmqqJRgb0r8nCtoticsibmZdlQjN2h6Vg7ZTpgeA/',2,'rendonghui','2019-01-21 09:17:13','签到！','0','0',NULL,NULL),(263,'45','15529691996','郭浩楠',1,'郭浩楠','https://p.qpic.cn/wwhead/duc2TvpEgSSWiaVLaJnssaf40WmbxXibCtD797HhCzrHzUe7fMOibGxTFPdHqicKoMTlOp8zVibxrpnQ/0',2,'guohaonan','2019-01-21 09:18:14','签到！','0','0',NULL,NULL),(264,'11','15829756264','李乐1',1,'李乐1','http://shp.qpic.cn/bizmp/AjZlM6PD3XMoiaiaNm9tgOoe6iaKCiauv7QWR0BI6d6lNwlWicxRsgJnGmQ/',1,'lile1','2019-01-21 09:18:19','加油','0','0',NULL,NULL),(265,'11','18182632134','李宗林',1,'李宗林','http://shp.qpic.cn/bizmp/AjZlM6PD3XO73ial0IZtKGYgOVUusmla5pR6LgvL5OZ0SJrsnTmqL3Q/',1,'lizonglin','2019-01-21 09:20:49','翔迅棒棒哒','0','0',NULL,NULL),(266,'58','18110919567','赵虎',1,'赵虎','http://shp.qpic.cn/bizmp/AjZlM6PD3XOnAlLkv2IA3CPIoIGHTQuqhG3fbOGj12XEhrWniapTb0w/',1,'zhaohu','2019-01-21 17:09:56','签到！','1','1',NULL,NULL),(267,'41','18220584064','王大宝',1,'王大宝','http://p.qlogo.cn/bizmail/x6Zhcoibq2g9bibCaMECuvZbftZhc9NBoa23ib3mx8P8YQR6aa5o1HPEg/0',1,'zhineng62','2019-01-21 09:21:36','签到！','0','0',NULL,NULL),(268,'41','18681809697','颜蕾娜',1,'颜蕾娜','http://p.qlogo.cn/bizmail/um3NTWdBJAiayA7dUp5WTOkllPdE8hCjFkRMVDibic7JdHibkGOic9KrkZQ/0',2,'yanleina','2019-01-21 16:46:15','签到！','2','1',NULL,NULL),(269,'60','18009284510','王荣华',1,'王荣华','https://shp.qpic.cn/bizmp/AjZlM6PD3XOCyATiaukO7Evzs2HoyqpWXJJUsJ1sc8MKgQbZgD2uic8w/',1,'yanyi4','2019-01-21 09:23:16','签到！','0','0',NULL,NULL),(270,'11','13991827334','吴文静',1,'吴文静','http://shp.qpic.cn/bizmp/AjZlM6PD3XNzxhmvo1WicQoLepiaAR3uVzicHtOtibV3Bj5LJE0E3YnXkg/',2,'jiance9','2019-01-21 09:25:00','签到！','0','0',NULL,NULL),(271,'11','15349261358','段张强',1,'段张强','http://p.qlogo.cn/bizmail/78pFiapHFrGRVarKQeUJv6EIQzmMPjSmwlTEVOsTSp7rgbFMiaOo45Jg/0',1,'duanzhangqiang','2019-01-21 09:26:26','签到！','0','0',NULL,NULL),(272,'11','18192258336','胡宝权',1,'胡宝权','http://p.qlogo.cn/bizmail/h7YtnLIPibgLR5Gd6mjyuiaiat7xv2GUrIMk9DJ9E8rX3iagFialJInjoeQ/0',1,'hubaoquan','2019-01-21 09:26:27','签到！','0','0',NULL,NULL),(273,'63','18220030908','李钰',1,'李钰','https://shp.qpic.cn/bizmp/AjZlM6PD3XMK0WeJNmqqJRgb0r8nCtotHGxiaeBUghYFdgkibibcziaxbw/',1,'lijue','2019-01-21 09:27:12','签到！','0','0',NULL,NULL),(274,'21','13720409946','程妍',1,'程妍','http://shp.qpic.cn/bizmp/AjZlM6PD3XMDe2l4LMzN0FCoErLzHBL9u7FWqVWWibichPjBekGiaCAdw/',2,'chengyan','2019-01-21 09:27:20','签到！','0','0',NULL,NULL),(275,'11','13379076197','高涛',1,'高涛','http://shp.qpic.cn/bizmp/AjZlM6PD3XOV6DKicxkxh3sEut04aLoGicNKgxUafSh8QXYDcLA2A92g/',1,'gaotao','2019-01-21 09:28:47','签到！','0','0',NULL,NULL),(276,'63','18702914041','宋洪全',1,'宋洪全','https://shp.qpic.cn/bizmp/AjZlM6PD3XPkb9ZQCSQysyH3oRSWLhuAloqXPtFib2OibocIHEcr6LAA/',1,'songhongquan','2019-01-21 09:29:12','签到！','0','0',NULL,NULL),(277,'41','18392300791','王锦欣',1,'王锦欣','http://p.qlogo.cn/bizmail/mrNGyCiaKicB2qCztnLUm1v1Of8IDkKG5ichnGcC9cMzpewRYYiaDGiajIg/0',2,'wangjinxin','2019-01-21 09:30:15','新年好','0','0',NULL,NULL),(278,'32','13572418700','赵磊',1,'赵磊','http://shp.qpic.cn/bizmp/AjZlM6PD3XMDe2l4LMzN0FCoErLzHBL9p7ZRuQjSTfecx4rVWMHicSg/',1,'zhineng3','2019-01-21 09:32:13','2019翔迅腾飞','0','0',NULL,NULL),(279,'11','13310981064','党亚鲲',1,'党亚鲲','http://shp.qpic.cn/bizmp/AjZlM6PD3XMRd31pE9ibGhnNiaERicOssaPc5oaYsKDC2nWvzfnvCuhpw/',1,'jiance2','2019-01-21 09:33:46','签到！','0','0',NULL,NULL),(280,'11','18291965961','何榧',1,'何榧','http://shp.qpic.cn/bizmp/AjZlM6PD3XPVFu5M1iabC9bw9w2OSZd0icQicdk6hDUFLxR8uT5W50URg/',1,'jiance18','2019-01-21 09:41:20','签到！','0','0',NULL,NULL),(281,'21','13669271609','王博',1,'王博','http://shp.qpic.cn/bizmp/AjZlM6PD3XOeCwibCzKv7SC11M69mGRbgro5icYbYUVEdasyh6YZdqKw/',1,'wangbo','2019-01-21 09:42:27','2019年，祝公司再创辉煌','0','0',NULL,NULL),(282,'6','15339086830','岩涛',1,'岩涛','http://shp.qpic.cn/bizmp/AjZlM6PD3XN9AdiauRaIEmlbibtlbzrJ896Crrw4ZDPvlj8qCC9VKbsw/',1,'yaner9','2019-01-21 16:46:15','哈咯','2','1',NULL,NULL),(283,'45','15353631243','齐寒波',1,'齐寒波','https://shp.qpic.cn/bizmp/AjZlM6PD3XPvXhz0zIn5O2QDGLOniajOeuqDN20g6pHiclIhZnXtDjmA/',1,'weixiu11','2019-01-21 09:43:12','签到！','0','0',NULL,NULL),(284,'11','13720404130','王超',1,'王超','http://p.qpic.cn/wwhead/duc2TvpEgSSWiaVLaJnssaaVbCjCUJ737Lgv9RVAOdox5LY9q2hFxTGR0jLmib8SGRTGwu8aiaPxjA/0',1,'shengchan6','2019-01-21 09:43:32','签到！','0','0',NULL,NULL),(285,'6','15029914211','周海舰',1,'周海舰','http://shp.qpic.cn/bizmp/AjZlM6PD3XOrZF6R5SKUnZC4JpVI2YDlQZYfGEicaibOFDZYdVsAHt9g/',1,'yaner10','2019-01-21 16:20:11','签到！','3','1',NULL,NULL),(286,'6','13488127288','郝翔',1,'郝翔','http://shp.qpic.cn/bizmp/AjZlM6PD3XOrZF6R5SKUnZC4JpVI2YDl4gsJvFNgESvLsndp2Oo0nA/',1,'yaner25','2019-01-21 09:45:44','签到！','0','0',NULL,NULL),(287,'30','18629697810','郝旭亮',1,'郝旭亮','http://shp.qpic.cn/bizmp/AjZlM6PD3XO73ial0IZtKGYgOVUusmla5BlcPNhJGVyX4YZ0xVuickLg/',1,'zhineng34','2019-01-21 09:46:18','再创辉煌','0','0',NULL,NULL),(288,'6','17742419515','张军平',1,'张军平','http://shp.qpic.cn/bizmp/AjZlM6PD3XO4z6TW0TwnicRpYalfoa94ec4am86wtaZuiczFf1WXdiaeg/',1,'zhangjunping','2019-01-21 16:19:55','2019，久久醇香！','3','1',NULL,NULL),(289,'58','18935181297','阎胡丹',1,'阎胡丹','http://p.qlogo.cn/bizmail/7b0eB2032l1Xicdh3vicJiaH2uicBicLZQF6WibNVwwKfQjoiaUR2Votx2vnw/0',1,'yanhudan','2019-01-21 17:09:56','新的一年又将开始，让我们励志扬鞭，扬帆起航，共赢未来，共创辉煌! 2019年祝愿公司宏图大展，蒸蒸日上!','1','1',NULL,NULL),(290,'21','15991858441','贾永峰',1,'贾永峰','http://p.qlogo.cn/bizmail/geE7UzSaXbfBiaASNkmRbKicK426zCrfsCyBax1VrTCJnaIXTEjicrzLQ/0',1,'jiayongfeng','2019-01-21 09:48:19','造一个梦，竭尽全力去实现……加油2109，敬每一个有梦的你！坚信，坚持，一路向前……','0','0',NULL,NULL),(292,'11','18329379499','王锋',1,'王锋','http://p.qlogo.cn/bizmail/CXNmIFr0bH8KN1edW6fcfMp74Ml2GQLVzOLuP6icStRCaFx4rlIx4XQ/0',1,'wangfeng','2019-01-21 09:48:20','签到！','0','0',NULL,NULL),(293,'11','13572467971','李耿耿',1,'李耿耿','http://p.qlogo.cn/bizmail/YVb3icvYENEibmE6YokaOibcaF8fY8iaEoDbTx8ddk7y7Qq3iclyGEpxPYg/0',1,'ligenggeng','2019-01-21 16:19:55','签到！','3','1',NULL,NULL),(294,'58','15339662333','王旭光',1,'王旭光','http://p.qlogo.cn/bizmail/GgoC6ZqutJZJty12clO0CFMmgUU44l14eEjSPaCiadjBuyEVzRroeSw/0',1,'wangxuguang','2019-01-21 09:49:55','祝公司蒸蒸日上','0','0',NULL,NULL),(295,'65','15091346513','耿娇',1,'耿娇','http://p.qpic.cn/wwhead/duc2TvpEgSSWiaVLaJnssafUXQo4yRc7GbBN19ticImggFst0tGgfHicR49Ik0HfblhazJaVNL1xvc/0',2,'gengjiao','2019-01-21 16:20:11','签到！','3','1',NULL,NULL),(296,'45','13572569425','王丹丹',1,'王丹丹','https://p.qlogo.cn/bizmail/CibNjaj0KMKx1YicJSn5rds62OGKMY8be8YNI0OYLqKSPk4hOt3bNsAw/0',2,'wangdandan','2019-01-21 16:46:35','签到！','2','1',NULL,NULL),(297,'60','15229065048','李磊',1,'李磊','https://shp.qpic.cn/bizmp/AjZlM6PD3XMnp3j0EKvaDXjePWic3sfBYCxQeU8gDwYb01n925u7opg/',1,'lilei','2019-01-21 09:55:49','2019，翔迅加油~','0','0',NULL,NULL),(298,'28','18991999616','胡国波',1,'胡国波','http://p.qlogo.cn/bizmail/ov7vCsvyS8M1aRD5IBmZbqEw63iceiaJ1LNezD8dSRjMTe726zXJeialg/0',1,'huguobo','2019-01-21 16:20:27','签到！','3','1',NULL,NULL),(299,'6','13335397661','孙照方',1,'孙照方','http://shp.qpic.cn/bizmp/AjZlM6PD3XPnqN6EXr9XIoIiaADbTWWGdOPWCgaMGjcuPKJo5A0xIqw/',1,'sunzhaofang','2019-01-21 09:58:23','祝公司蓬勃发展，日胜一日！','0','0',NULL,NULL),(300,'28','18066626216','赵永生',1,'赵永生','http://shp.qpic.cn/bizmp/AjZlM6PD3XOoVhewIxT7lju4zYPb0QHUuR800N6ZslexqolNWlfplA/',1,'yidong17','2019-01-21 09:58:29','签到！','0','0',NULL,NULL),(301,'31','17389199175','高瑞红',1,'高瑞红','http://p.qlogo.cn/bizmail/t2y6ytlZSU8GTX1MBcfzibv1KFRquljhEYXGooe7Sj7O7jWfuH8Q2rQ/0',2,'gaoruihong','2019-01-21 09:59:35','签到！','0','0',NULL,NULL),(302,'63','18682916806','夏未央',1,'夏未央','http://p.qlogo.cn/bizmail/R0Yx5tSPQzcZ1rVz9avMiaqUjyq5lCnhic9WTmn6k6DfgsRemPP7c57g/0',1,'xiaweiyang','2019-01-21 10:00:04','岁月不居，时光如流，携手共进！','0','0',NULL,NULL),(303,'28','18629381938','武刚',1,'武刚','http://p.qlogo.cn/bizmail/AGBxVVehY9Vke9fou7n4u1FEIsTl5VzytTsgeCWDmxTDbdS42Mtolg/0',1,'wugang','2019-01-21 10:00:28','新年快乐','0','0',NULL,NULL),(304,'57','15309254591','郝钊',1,'郝钊','http://shp.qpic.cn/bizmp/AjZlM6PD3XOoVhewIxT7lju4zYPb0QHU4qianaz6zPooR3Ct4fqZrJw/',1,'yidong11','2019-01-21 10:02:16','签到！','0','0',NULL,NULL),(305,'31','17389199170','严丽芳',1,'严丽芳','http://p.qlogo.cn/bizmail/gBdgJFicTPutE5My55rcpwRHEyExfboPtNE8geiaXiboooQ0OcfZU5sMQ/0',2,'yanlifang','2019-01-21 10:04:17','签到！','0','0',NULL,NULL),(306,'6','18346510745','郝仁',1,'郝仁','http://p.qlogo.cn/bizmail/ETdI1dgvMJQP7mcYz7amdMTNznuZpfpYF3STnKia05ic8M1MEE4ia3Wow/0',1,'haoren','2019-01-21 16:20:11','签到！','3','1',NULL,NULL),(307,'11','13186372083','王亚奇',1,'王亚奇','http://p.qlogo.cn/bizmail/h3zuDDqo7KmibNjoxiaMDaB70u2JL3icRiaAC3GunwCicO5SGrb9uprGezQ/0',1,'wangyaqi','2019-01-21 10:06:06','签到！','0','0',NULL,NULL),(308,'41','17795917616','姚圆',1,'姚圆','http://shp.qpic.cn/bizmp/AjZlM6PD3XMibQqdnwpjq0dkvYjRZ5DaJ2mYKN7yI7V4ib8oxQJic6BQg/',2,'yaoyuan','2019-01-21 10:06:07','签到！','0','0',NULL,NULL),(309,'41','15709180052','赵宇豪',1,'赵宇豪','http://shp.qpic.cn/bizmp/AjZlM6PD3XODyHfJTrX1SejhTYudNY9y1k5g5IYpNJJScIcYlJPxOQ/',1,'zyh','2019-01-21 10:10:56','签到！','0','0',NULL,NULL),(310,'58','18392364933','贾江',1,'贾江','http://shp.qpic.cn/bizmp/AjZlM6PD3XO73ial0IZtKGYgOVUusmla5zFGCP1NlPNSp43ylKgO9lA/',1,'jiajiang','2019-01-21 10:11:43','19年每个人都过的更好！','0','0',NULL,NULL),(311,'11','18149240883','李元',1,'李元','http://shp.qpic.cn/bizmp/AjZlM6PD3XPvXhz0zIn5O2QDGLOniajOe4kJERcZv4WEmSEgG3bZrDw/',1,'jiance15','2019-01-21 16:20:11','翔迅科技，2019奋斗不息，再战辉煌！测控仿真事业部更上一层楼！','3','1',NULL,NULL),(312,'21','15202419092','王博3',1,'王博3','http://p.qlogo.cn/bizmail/nfNxRnjHKqib9Xm78Y1Gb4Vh5iaZib8xsVN02VLicoAwgaw3l20aPCst1g/0',1,'wangbo3','2019-01-21 10:26:06','签到！','0','0',NULL,NULL),(313,'30','13096984524','刘哲',1,'刘哲','http://shp.qpic.cn/bizmp/AjZlM6PD3XMg1CmwcKPFcsDxBdHXRHTKIc6GRZHd8boNDtxqg68DGg/',1,'zhineng29','2019-01-21 10:26:26','签到！','0','0',NULL,NULL),(314,'58','15652079999','吴文旭',1,'吴文旭','http://p.qlogo.cn/bizmail/wAicrnRCtcSaOkMMeOib2pzLuQq7GDupicNXVbGicsT1AxUTYyFKAAcNKw/0',1,'wuwenxu','2019-01-21 16:20:11','签到！','3','1',NULL,NULL),(315,'31','13649208758','张岩',1,'张岩','http://p.qlogo.cn/bizmail/AnxTmp6HDmys9K3d5BhTJXjCodIaNiaeYbazI9FXRbQdvBxjGDFXk6w/0',1,'zhangyan','2019-01-21 10:29:29','签到！','0','0',NULL,NULL),(316,'28','13228045227','夏源',1,'夏源','http://shp.qpic.cn/bizmp/AjZlM6PD3XMK0WeJNmqqJRgb0r8nCtotv1QGAicEz9Fo8mM0PZylw2w/',1,'yidong34','2019-01-21 10:30:48','签到！','0','0',NULL,NULL),(317,'21','15029358865','史晓佩',1,'史晓佩','http://shp.qpic.cn/bizmp/AjZlM6PD3XPnqN6EXr9XIoIiaADbTWWGdicZsyVAqx9NO6ZAs3rqzycA/',2,'shixiaopei','2019-01-21 10:32:48','签到！','0','0',NULL,NULL),(318,'11','18009272118','郝旺',1,'郝旺','http://p.qlogo.cn/bizmail/bbRmkC4v8L320ydzaWVM2CT2Mia2fLTgMZI71mXJlrJGpwoygwSltyA/0',1,'haowang','2019-01-21 10:33:06','签到！','0','0',NULL,NULL),(319,'30','15991383342','陈哲文',1,'陈哲文','http://shp.qpic.cn/bizmp/AjZlM6PD3XMDe2l4LMzN0FCoErLzHBL9oibE5XweBIoyfgx6bvkaNNg/',1,'zhineng38','2019-01-21 10:34:22','签到！','0','0',NULL,NULL),(320,'4','15029091705','梁小帅',1,'梁小帅','http://p.qlogo.cn/bizmail/BlicicWKXM3wygzicJb92RXEOd6qibbpdFUBhicaVjevIKAPSZdYhymPEng/0',1,'liangxiaoshuai','2019-01-21 16:19:55','签到！','3','1',NULL,NULL),(321,'21','17702907098','张序',1,'张序','http://p.qpic.cn/wwhead/duc2TvpEgSSWiaVLaJnssaVTPOjOudeQ9S8s08y7GMjAyseFyO2AAgF1dXqH2MOuVKibC6MjtW1Eo/0',2,'zx','2019-01-21 16:20:27','签到！','3','1',NULL,NULL),(322,'21','13149227781','李培云',1,'李培云','http://p.qlogo.cn/bizmail/8CkxTLfoeZT5seZDtKFaOne4G1v7BnGteB9D9wt2vxm2V5dpOXbDsQ/0',2,'lipeiyun','2019-01-21 10:40:50','携手共进','0','0',NULL,NULL),(323,'35','18691558614','张硕',1,'张硕','http://shp.qpic.cn/bizmp/AjZlM6PD3XOoVhewIxT7lju4zYPb0QHUhXZlvx8JKsUUWdgSmdxULw/',1,'yidong16','2019-01-21 16:20:27','签到！','3','1',NULL,NULL),(324,'11','15399020078','古明锋',1,'古明锋','http://shp.qpic.cn/bizmp/AjZlM6PD3XMRd31pE9ibGhnNiaERicOssaPXZjDCvEz8tl9bnHrNwKOLw/',1,'jiance7','2019-01-21 10:44:15','签到！','0','0',NULL,NULL),(325,'60','13992817295','徐汉雄',1,'徐汉雄','https://p.qpic.cn/wwhead/duc2TvpEgSSWiaVLaJnssabqaUicIZ52pLZfPHlMS0p7E74p7ju5Bw5BpWy4Thv69zE70nIO0G8ico/0',1,'xuhanxiong','2019-01-21 10:52:47','签到签到','0','0',NULL,NULL),(326,'59','17792655380','王建辉',1,'王建辉','https://p.qlogo.cn/bizmail/8PEzn781srHiaMYJJnbA32IOicsVbGnwjJxzJbwvHsIGPHCa0u8DibFIw/0',1,'wangjianhui','2019-01-21 16:20:11','岁月不居，时光如流，携手共进2019','3','1',NULL,NULL),(327,'59','13572141187','艾小强',1,'艾小强','https://p.qpic.cn/wwhead/nMl9ssowtibVGyrmvBiaibzDhWiadzek7UqfiaRpCx2TJxTPViaBsmAaIts62fE02esNM4kcYALty0DIQ/0',1,'aixiaoqiang','2019-01-21 10:58:51','签到！','0','0',NULL,NULL),(328,'30','18991833799','朱俊杰',1,'朱俊杰','http://shp.qpic.cn/bizmp/AjZlM6PD3XNK7P0zPlg3bKtkz2tKkHYL8Le8jMOjxPnDRD7etlNyxQ/',1,'zhujunjie','2019-01-21 11:05:54','到','0','0',NULL,NULL),(329,'53','17048981111','张祖武',1,'张祖武','http://p.qpic.cn/wwhead/duc2TvpEgSSWiaVLaJnssaRVhricor9Bu0Tmqy2H2eQqJFLKaf2YRHdIbkdIktEWV9MrkYfgwgMew/0',1,'zhangzuwu','2019-01-21 16:46:35','签到！','2','1',NULL,NULL),(330,'31','15191484108','白琳',1,'白琳','http://shp.qpic.cn/bizmp/AjZlM6PD3XOqI2VrficEOqA962mAowIwjhP5y5SgZ4iaVOhVxWqACF0A/',2,'bailin','2019-01-21 11:07:18','签到！','0','0',NULL,NULL),(331,'42','17389105517','刘云梦',1,'刘云梦','http://p.qlogo.cn/bizmail/hTfSJYBJSXDTef3LoDUE2W7uGwOUTpRtPKJB0QlGuznuWmSbLcfLWQ/0',2,'liuyunmeng','2019-01-21 11:10:03','不负时光','0','0',NULL,NULL),(332,'59','15091768896','张站辉',1,'张站辉','https://p.qlogo.cn/bizmail/2FVsOs7S46lyGcbv2MhP1y3OAA4omRE3JibDciaxeqzddXhtCXrm6rmQ/0',1,'zhangzhanhui','2019-01-21 11:10:41','金猪迎新年，祝翔迅新年取得更大的进步和胜利。','0','0',NULL,NULL),(333,'6','18792700190','王伟明',1,'王伟明','http://p.qpic.cn/wwhead/duc2TvpEgSSWiaVLaJnssaRc1RNxBeGhhRO3TvH16CsibquibNn15ib4zOiclQyOWLbicMl09HTibnWAlg/0',1,'wangweiming','2019-01-21 11:12:13','2019，加油！','0','0',NULL,NULL),(334,'32','13679121357','李晶',1,'李晶','http://shp.qpic.cn/bizmp/AjZlM6PD3XMoXp5wVxAmlKD5hQSgT9ptZzbVEqUkic8UWSymQGEqLxw/',1,'lijing','2019-01-21 11:14:46','签到！','0','0',NULL,NULL),(335,'30','13679257870','杨俊峰',1,'杨俊峰','http://shp.qpic.cn/bizmp/AjZlM6PD3XMK0WeJNmqqJRgb0r8nCtotgpvYpILwiarNBFzDx6PC27Q/',1,'yidong9','2019-01-21 11:24:54','签到！','0','0',NULL,NULL),(336,'58','18792860177','黄经纬',1,'黄经纬','http://shp.qpic.cn/bizmp/AjZlM6PD3XOoVhewIxT7lju4zYPb0QHUjRBzkGIQLsmNByTOia0PdoA/',1,'huangjingwei','2019-01-21 17:09:56','签到！','1','1',NULL,NULL),(337,'36','18629592131','陈菲',1,'陈菲','http://shp.qpic.cn/bizmp/AjZlM6PD3XMiavCxPtONzaDibVcISF4bely5at0TfOawOsdp2gHUbxyw/',2,'chenfei','2019-01-21 11:32:15','签到！','0','0',NULL,NULL),(338,'41','13572235890','吴子清',1,'吴子清','http://shp.qpic.cn/bizmp/AjZlM6PD3XOUGIpB9mv8c8RulBnIUYY3GRWVtDh3aJ0JQaVdYgkhng/',1,'weixiu5','2019-01-21 11:33:51','签到！','0','0',NULL,NULL),(339,'28','13891982259','左江勇',1,'左江勇','http://shp.qpic.cn/bizmp/AjZlM6PD3XMK0WeJNmqqJRgb0r8nCtotLdtVkrsqfH0JCXtBsiapwIQ/',1,'zhineng16','2019-01-21 11:37:04','幸福都是奋斗出来了的！','0','0',NULL,NULL),(340,'41','18292182990','王奎',1,'王奎','http://shp.qpic.cn/bizmp/AjZlM6PD3XM1tKgWrMPUO6QKqichHL6TEXCvfs7qcc9scHrMicjibjqQA/',1,'zhineng59','2019-01-21 16:20:27','签到！','3','1',NULL,NULL),(341,'11','18706767170','郑宏社',1,'郑宏社','http://shp.qpic.cn/bizmp/AjZlM6PD3XPvXhz0zIn5O2QDGLOniajOe9bW44SjpvgKBiaoBGo5WKFg/',1,'jiance25','2019-01-21 11:38:08','翔迅人，我们不一样，加油！加油！加油！','0','0',NULL,NULL),(342,'65','17792883592','张一文',1,'张一文','http://p.qlogo.cn/bizmail/TfkNxmNiblMKzoVIZaRcgfTrhRv5rJEOE3fBaQJsFUex8bkkD5T5jSw/0',1,'zhangyiwen','2019-01-21 11:39:17','签到！','0','0',NULL,NULL),(343,'60','15109281496','胡珂',1,'胡珂','http://p.qlogo.cn/bizmail/OQaldACiciaPYZqRxfTjB0EHa8Yt79oYfED3xUr8hNEwmUMVWFwpYacA/0',1,'huke','2019-01-21 11:40:22','2019翔迅再创辉煌','0','0',NULL,NULL),(344,'26','13619286955','文林川',1,'文林川','http://shp.qpic.cn/bizmp/AjZlM6PD3XNolAichrc8hGnZAZo8dBKXsrKzhq1wNmR6FAGGKuF4O3g/',1,'zhineng2','2019-01-21 11:43:13','2019天长地久，幸福常留!!!','0','0',NULL,NULL),(345,'59','17792631178','张东',1,'张东','https://shp.qpic.cn/bizmp/AjZlM6PD3XPnvmics8uDCKNdhJo7sibicDncBlkeRaeSwpTwIicBMw1RNw/',1,'zhangdong','2019-01-21 11:46:29','签到！','0','0',NULL,NULL),(346,'58','18156823917','储润',1,'储润','http://p.qlogo.cn/bizmail/nibQDicaZXDNXibOgpdK0Q69hFTu4C09ibicuH6cWHq67kCBzLoYlpKCCDA/0',2,'churun','2019-01-21 11:57:51','签到！','0','0',NULL,NULL),(347,'11','15569695542','吕骁',1,'吕骁','http://p.qlogo.cn/bizmail/yibBSHjjTYicOQqwVKWLKLiaiaaQtAa8mkKJoVVZcN3WA1sq6XmQvDc9GA/0',1,'lvxiao','2019-01-21 11:58:08','签到！','0','0',NULL,NULL),(348,'59','15620980364','师瑞春',1,'师瑞春','https://shp.qpic.cn/bizmp/AjZlM6PD3XMP1GQtYicp6MU4zH620zgWXU5icffX8jd6MvGoLicicfXYoQ/',1,'shiruichun','2019-01-21 11:58:08','签到！','0','0',NULL,NULL),(349,'57','17784992544','曹森',1,'曹森','http://shp.qpic.cn/bizmp/AjZlM6PD3XOjzkdqElMR5c16Hf6AgjD7cxRBe7BExXkqfic3PVmbnEA/',1,'caosen','2019-01-21 16:20:11','签到！','3','1',NULL,NULL),(350,'6','18629435479','王子微',1,'王子微','http://p.qlogo.cn/bizmail/Wxme0IGmMLM9INSrI6pdcs4F3qYtpCaEIjdUY7Or51m9soWPcDwZEg/0',2,'wangziwei','2019-01-21 12:03:20','签到！','0','0',NULL,NULL),(351,'63','18789494674','庄孟洁',1,'庄孟洁','https://shp.qpic.cn/bizmp/AjZlM6PD3XOPW5FZ6FEVazANM190OAIY1INmWotqcTx9bqjFKGMKpA/',2,'zhuangmengjie','2019-01-21 17:09:56','签到！','1','1',NULL,NULL),(352,'45','13572976775','潘宇波',1,'潘宇波','https://shp.qpic.cn/bizmp/AjZlM6PD3XMfzh6xjNicZicapeWzzwfq4vXuBcRYYic38WF9fmWFS3ukg/',1,'panyubo','2019-01-21 12:08:57','签到！','0','0',NULL,NULL),(353,'41','17792280789','王永常',1,'王永常','http://shp.qpic.cn/bizmp/AjZlM6PD3XOU6powJwm9RNmBaTx8dNZrOpjUibY3hCpM1sDEVry5Iiag/',1,'zhineng4','2019-01-21 12:13:19','签到！','0','0',NULL,NULL),(354,'57','13983093599','谢开银',1,'谢开银','http://shp.qpic.cn/bizmp/AjZlM6PD3XNzxhmvo1WicQoLepiaAR3uVzVDERSuaRyyibpTfKanBY1wQ/',1,'yidong32','2019-01-21 12:13:31','签到！','0','0',NULL,NULL),(355,'59','15529011191','陈强',1,'陈强','http://p.qlogo.cn/bizmail/LAFVL7XdvibYZ19OcWIhcFSqemUo9d1PvZicPUUwCOqfsO35PvZE84iaQ/0',1,'chenqiang','2019-01-21 12:15:25','签到！','0','0',NULL,NULL),(356,'58','18156836581','张超',1,'张超','http://shp.qpic.cn/bizmp/AjZlM6PD3XMrBcQp43Ay060zhzJeJsbCdcDfC40OxTicmGFGExAjqyw/',1,'zhangchao1','2019-01-21 16:20:27','2019越来越好！','3','1',NULL,NULL),(357,'59','15594831237','许征锋',1,'许征锋','http://p.qpic.cn/wwhead/duc2TvpEgSSWiaVLaJnssabqaUicIZ52pLBicOWVnZtyzqhIPywur5kgspeqefdzq5Kep8IoElPYcA/0',1,'xuzhengfeng','2019-01-21 12:19:09','签到！','0','0',NULL,NULL),(358,'45','18109239686','李伟男',1,'李伟男','https://shp.qpic.cn/bizmp/AjZlM6PD3XO73ial0IZtKGYgOVUusmla5VAwsJ7bm0BwxIfEykj7NNg/',1,'liweinan','2019-01-21 12:21:34','好嗨哟','0','0',NULL,NULL),(359,'59','17791710749','白帅',1,'白帅','http://p.qlogo.cn/bizmail/HNkkLtfq3WgfZVy4EL43YFFgE7SnjV9dmpYEtXibJt8lUCMRtic8pNYQ/0',1,'baishuai','2019-01-21 12:23:25','签到！','0','0',NULL,NULL),(360,'55','13572283661','郑鹏辉',1,'郑鹏辉','http://p.qlogo.cn/bizmail/gBZibTGfRBRpkRUBGkLRa5xEB2HbibQDZkTSSxGtSa52Npjw5t5cornA/0',1,'zhengpenghui','2019-01-21 12:30:26','签到！','0','0',NULL,NULL),(361,'55','18602949013','户莹辉',1,'户莹辉','http://p.qpic.cn/wwhead/duc2TvpEgSSWiaVLaJnssaVictAQpUJsGZuYKqic0wLzxYEECYpHObHsmodM3xKlmeSt0lEPaLQabs/0',1,'huyinghui','2019-01-21 12:30:41','携手共进2019','0','0',NULL,NULL),(362,'65','18109180553','赵飞',1,'赵飞','http://shp.qpic.cn/bizmp/AjZlM6PD3XMP1GQtYicp6MU4zH620zgWXlX6Tjdtw3osiaWErT6ZTC9A/',1,'zhaofei','2019-01-21 16:46:15','祝公司蒸蒸日上','2','1',NULL,NULL),(363,'62','15891705153','田稳宏',1,'田稳宏','https://shp.qpic.cn/bizmp/AjZlM6PD3XMWRR9ZKNzudlunClMiaXuPjJLNUFia0mp7h2siaElT1mMHQ/',1,'tianwenhong','2019-01-21 12:37:06','签到！','0','0',NULL,NULL),(364,'53','18591880348','冯永明',1,'冯永明','http://p.qlogo.cn/bizmail/4Gd75gQYjmCPqnrZibepsB1UF1NEznALKjlnmOGEUTfQr1UzlqYNbBA/0',1,'fengyongming','2019-01-21 12:38:39','不忘初心，砥砺前行','0','0',NULL,NULL),(365,'32','18602978196','豆昀',1,'豆昀','http://shp.qpic.cn/bizmp/AjZlM6PD3XNuTDlNFVuN037eaca2JSz3Qs0d9rJ1QkrPaWXuERohpA/',1,'jiankong6','2019-01-21 12:42:44','签到！','0','0',NULL,NULL),(366,'59','15829318350','王波',1,'王波','https://p.qlogo.cn/bizmail/JD6Lyg98RwSTmNLPNoYRCL77nlYZ4nxZ6ibMicXibRDVAicdNicRvze4dfw/0',1,'wangbo2','2019-01-21 12:43:14','签到！','0','0',NULL,NULL),(367,'28','18629592016','李旭东',1,'李旭东','http://shp.qpic.cn/bizmp/AjZlM6PD3XMK0WeJNmqqJRgb0r8nCtotxkbLsrscKkLfNuULgW6icEw/',1,'zhineng14','2019-01-21 16:20:27','签到！','3','1',NULL,NULL),(368,'28','17791736403','姜源',1,'姜源','http://shp.qpic.cn/bizmp/AjZlM6PD3XOPW5FZ6FEVazANM190OAIYu9nB5FQE4pkIs7tHLYHiaBA/',1,'jiangyuan','2019-01-21 12:44:42','签到！','0','0',NULL,NULL),(369,'28','15929961200','赵小伟',1,'赵小伟','http://shp.qpic.cn/bizmp/AjZlM6PD3XMK0WeJNmqqJRgb0r8nCtotiadSce6Qibq5jiaSB7NGMLZ2g/',1,'zhaoxiaowei','2019-01-21 12:44:45','签到！','0','0',NULL,NULL),(370,'53','17319870009','刘锋',1,'刘锋','http://p.qpic.cn/wwhead/duc2TvpEgSSWiaVLaJnssaWl3ESqWBmjHQl5jibWjFk3AQreCOGNzubI3mq5oPktojmLhfv47OicPg/0',1,'yidong33','2019-01-21 12:45:09','签到！','0','0',NULL,NULL),(371,'21','13619281153','权永春',1,'权永春','http://shp.qpic.cn/bizmp/AjZlM6PD3XMEiaib0PIXj4uicovrnXOiaiaR8RtIyvPTOE1S6a8yRYtGDtg/',1,'jiankong8','2019-01-21 12:45:15','签到！','0','0',NULL,NULL),(372,'41','13020768099','刘博',1,'刘博','http://p.qlogo.cn/bizmail/ynpzjU1hePdX2xAG9o1LfykyU1V4jZlUwbagpzACVqJrxNKHIBOjWw/0',1,'liubo','2019-01-21 12:46:25','签到！','0','0',NULL,NULL),(373,'30','18729908449','彭飞',1,'彭飞','http://p.qlogo.cn/bizmail/czibmYFe0ARefuPp9PVzK9VH42ZsUY0Ynyh9CxUYe9kucRf6SYM3New/0',1,'pengfei','2019-01-21 12:46:53','签到！','0','0',NULL,NULL),(374,'11','15877340734','王博1',1,'王博1','http://shp.qpic.cn/bizmp/AjZlM6PD3XNmuUMRSWic5yMvQYOeEX022yV9GVZKicxNRFs7E9Lvxbew/',1,'wangbo1','2019-01-21 12:47:06','签到！','0','0',NULL,NULL),(375,'53','18919141166','杨沛卿',1,'杨沛卿','http://shp.qpic.cn/bizmp/AjZlM6PD3XM1tKgWrMPUO6QKqichHL6TEF3SM68umaGcS22IYGpLvUA/',1,'yidong20','2019-01-21 12:47:13','签到！','0','0',NULL,NULL),(376,'11','15667008892','王亚玉',1,'王亚玉','http://shp.qpic.cn/bizmp/AjZlM6PD3XMDe2l4LMzN0FCoErLzHBL99p3wcYn2icguA2DosajVHnQ/',1,'jiance33','2019-01-21 16:46:35','签到！','2','1',NULL,NULL),(377,'53','18909514007','赵华',1,'赵华','http://p.qlogo.cn/bizmail/wAiaHAuzjAhjEyIAldVUppoYsH13jpic91Foashzu0aYBm32CjH7xT5w/0',1,'zhaohua','2019-01-21 12:49:47','签到！','0','0',NULL,NULL),(378,'59','15829212772','田科',1,'田科','http://p.qlogo.cn/bizmail/Z8v59rfKNW3Dhk8GQ36d5iaPiaISPEjVscFia9SwZJKt48Xwib6ibK6Gtmw/0',1,'tianke','2019-01-21 12:49:49','签到！','0','0',NULL,NULL),(379,'11','13649211700','刘永长',1,'刘永长','http://shp.qpic.cn/bizmp/AjZlM6PD3XPfBoqtmSpr29liaMpeEs2sVQDVrUffbLUZbHy9LxpwCQQ/',1,'jiance19','2019-01-21 12:50:32','2019继续加油！！！','0','0',NULL,NULL),(380,'35','17793167765','蔡勇',1,'蔡勇','http://p.qlogo.cn/bizmail/zq5WvAHTT54RaB31yBQ6a9MPtAmM10aROTFlKQBhmN5lbhibgMibbibWw/0',1,'caiyong','2019-01-21 12:50:33','签到！','0','0',NULL,NULL),(381,'11','13289850118','李继华',1,'李继华','http://shp.qpic.cn/bizmp/AjZlM6PD3XMRd31pE9ibGhnNiaERicOssaPTM1FFGqADFqXsVmTnpy6iaA/',1,'jiance5','2019-01-21 12:51:00','年年福到','0','0',NULL,NULL),(382,'6','18792980096','陈杜',1,'陈杜','http://shp.qpic.cn/bizmp/AjZlM6PD3XPCMRtnErCORS0ILAkUB1KFUkG5N7CQNaDBIVKB4uToxQ/',1,'yaner3','2019-01-21 16:20:11','签到！','3','1',NULL,NULL),(383,'11','15991745786','黄刚',1,'黄刚','http://p.qlogo.cn/bizmail/Sy054B71I1ZiaHpZb4xrY5ZoaR8HofSTmTpC5yp0ic3RZciaPnhv2casw/0',1,'huanggang','2019-01-21 12:51:21','飞黄腾达','0','0',NULL,NULL),(384,'55','15099688196','刘金燕',1,'刘金燕','http://p.qlogo.cn/bizmail/GvsocnVSGygq9crw0mI42kaxIWBicpMT5KqZHNeibiaOibXDkw0qzLVt7g/0',2,'liujinyan','2019-01-21 12:51:41','签到！','0','0',NULL,NULL),(385,'11','18966574619','石宏亮',1,'石宏亮','http://shp.qpic.cn/bizmp/AjZlM6PD3XNPKNLp4ZFufyybeeP3RUx5VZ1LLpQjbiaYBIdO7M6v0tQ/',1,'jiance23','2019-01-21 12:51:47','签到！','0','0',NULL,NULL),(386,'4','13991252053','高婷',1,'高婷','http://shp.qpic.cn/bizmp/AjZlM6PD3XOZZLgHOxkWQGdL9nNERMavCibwMa2v8yuvtH0QSH3MtQw/',2,'gaoting','2019-01-21 12:51:50','签到！','0','0',NULL,NULL),(387,'11','18602916286','姚兵',1,'姚兵','http://shp.qpic.cn/bizmp/AjZlM6PD3XMDe2l4LMzN0FCoErLzHBL9oDjRpoX6sxjOPbY63d3TgQ/',1,'yaobing','2019-01-21 12:52:26','签到！','0','0',NULL,NULL),(388,'11','18729377055','张  童',1,'张  童','http://shp.qpic.cn/bizmp/AjZlM6PD3XMnTnryukO6uhnTEadEZBUQQBf2Ufj3Janv11uoIFp8mw/',1,'zhangtong','2019-01-21 17:09:56','2019 我们来了','1','1',NULL,NULL),(389,'65','18092236578','白聪亮',1,'白聪亮','http://shp.qpic.cn/bizmp/AjZlM6PD3XMK0WeJNmqqJRgb0r8nCtotgKhJmDyd44bymX2ptkxSRw/',1,'yidong41','2019-01-21 12:52:44','签到！','0','0',NULL,NULL),(390,'41','15529228110','朱伟',1,'朱伟','http://p.qlogo.cn/bizmail/RibbPlyfHtfJoN0jggeOPTu0h6JusM5pyI5Qheeo3g0jYzwlRGeqLSw/0',1,'zhuwei','2019-01-21 12:52:48','签到！','0','0',NULL,NULL),(391,'23','13909109969','顾琳',1,'顾琳','http://shp.qpic.cn/bizmp/AjZlM6PD3XMDNtbLAuKBBOqtHDic0jYYKdRHyGssxyuXQtvKb4z7EYQ/',2,'gulin','2019-01-21 12:53:03','挑战机遇，翔迅腾飞','0','0',NULL,NULL),(392,'23','18629081568','张黎',1,'张黎','http://p.qlogo.cn/bizmail/ukymP5vpMPboujI7Pk0fLYLhFJq4r5pAHMrMYkLzy1G5VyrBRAeZ4w/0',1,'zhangli0','2019-01-21 16:19:55','签到！','3','1',NULL,NULL),(393,'42','15091520363','张叶姣',1,'张叶姣','http://p.qlogo.cn/bizmail/OPNClM2qdxPJLSMlfoUBP1XEmneOibgBfj3d7NZAPJ8dFVDAVibmahfg/0',2,'zhangyejiao','2019-01-21 16:20:27','签到！','3','1',NULL,NULL),(394,'11','15619021215','段海彬',1,'段海彬','http://shp.qpic.cn/bizmp/AjZlM6PD3XMRd31pE9ibGhnNiaERicOssaPAbIVJEdXkPXNLRC3GX9kGQ/',1,'jiance6','2019-01-21 12:55:11','签到！','0','0',NULL,NULL),(395,'60','18392101686','李小峰',1,'李小峰','http://p.qlogo.cn/bizmail/quVsa8ian0IaYN2jxwKQ4BFjzgQNKVlxkg1UgDVGKyL1P9bVM1q1dzg/0',1,'lixiaofeng','2019-01-21 12:56:21','签到！','0','0',NULL,NULL),(396,'59','18165342122','李振',1,'李振','https://shp.qpic.cn/bizmp/AjZlM6PD3XOCyATiaukO7Evzs2HoyqpWXxvDCB7ic2ELzsE5D7Tx1Rpg/',1,'weixiu45','2019-01-21 16:19:55','签到！','3','1',NULL,NULL),(397,'11','18702964221','张晓斌',1,'张晓斌','http://shp.qpic.cn/bizmp/AjZlM6PD3XNuTDlNFVuN037eaca2JSz3w53XdUNZDIxTDicRpSNRF3Q/',1,'jiance30','2019-01-21 12:58:49','希望2019年\"猪\"事顺利！','0','0',NULL,NULL),(398,'11','15399448836','董文志',1,'董文志','http://shp.qpic.cn/bizmp/AjZlM6PD3XMRd31pE9ibGhnNiaERicOssaPqbrO67icyAnBlh4OrdDxExg/',1,'jiance35','2019-01-21 12:59:12','签到！','0','0',NULL,NULL),(399,'11','15829101531','刘政',1,'刘政','http://shp.qpic.cn/bizmp/AjZlM6PD3XOqI2VrficEOqA962mAowIwjqXjqfCbhZPbK0jxEDxtsibw/',1,'jiance8','2019-01-21 12:59:21','签到！','0','0',NULL,NULL),(400,'35','18066635383','戴君',1,'戴君','http://shp.qpic.cn/bizmp/AjZlM6PD3XOrZF6R5SKUnZC4JpVI2YDloG0e9C5f0SOvNRJiaC23zEw/',1,'yanyi3','2019-01-21 12:59:31','\"猪\"事顺利，青春永\"猪\"','0','0',NULL,NULL),(401,'11','15291818746','徐怀勇',1,'徐怀勇','http://shp.qpic.cn/bizmp/AjZlM6PD3XPvXhz0zIn5O2QDGLOniajOeqGC1uAZ0dP9YxOniaHorDIw/',1,'jiance4','2019-01-21 13:00:20','签到','0','0',NULL,NULL),(402,'4','18149386501','王浩霁',1,'王浩霁','http://shp.qpic.cn/bizmp/AjZlM6PD3XNlQTiaHRvsXkGhkczwlVl96QiaSgCAH79t4W3betJD4OKQ/',1,'wanghaoji','2019-01-21 13:00:44','h','0','0',NULL,NULL),(403,'58','15249218312','王琼',1,'王琼','http://p.qpic.cn/wwhead/duc2TvpEgSSWiaVLaJnssaUflPaZnaOET3TiaRnucCao6unVg451gsIvXQJ2GjZMs6pPUxzAsnE8U/0',2,'wangqiong','2019-01-21 13:01:43','签到！','0','0',NULL,NULL),(404,'59','18066580203','崔楠',1,'崔楠','https://shp.qpic.cn/bizmp/AjZlM6PD3XME0DzzyiavVe9rgpFIMKIIk9lcd5MsBA2wR7whf2VEdhw/',1,'cuinan','2019-01-21 17:09:56','签到！','1','1',NULL,NULL),(405,'63','18629087677','黄国祥',1,'黄国祥','https://p.qlogo.cn/bizmail/ia6FLiaBGC0qa2Bv210Vqy09nr0XKcU8qKfX72mgs2vjLWXwfxtiaZBqQ/0',1,'huangguoxiang','2019-01-21 16:19:55','明天会更好','3','1',NULL,NULL),(406,'4','15291184286','雷顺',1,'雷顺','http://p.qpic.cn/wwhead/duc2TvpEgSSWiaVLaJnssadh2aCbKPFInDXzxOK5odh3XfVp2KLfn6BGSeBQckOhFy4SfK1RiaXxg/0',1,'leishun','2019-01-21 13:02:22','签到！','0','0',NULL,NULL),(407,'59','18192251202','冯媛',1,'冯媛','https://p.qpic.cn/wwhead/nMl9ssowtibVGyrmvBiaibzDobliazrPvAkRxBeYXObsV1KXRbYJTgLTWJicTAaC6YgtFlsXAZT06kF8/0',2,'fengyuan','2019-01-21 13:02:27','签到！','0','0',NULL,NULL),(408,'60','18192693636','董文康',1,'董文康','https://p.qlogo.cn/bizmail/zIETmXZrpf2NWeaJtHUalWfziapicDnSibfB3eIoqeavVpRSXIZLQLE0Q/0',1,'dongwenkang','2019-01-21 13:02:27','签到！','0','0',NULL,NULL),(409,'28','18991396036','姜红章',1,'姜红章','http://shp.qpic.cn/bizmp/AjZlM6PD3XO73ial0IZtKGYgOVUusmla50aL7J4TEVic2pQCWE7GJ0cA/',1,'zhineng31','2019-01-21 13:03:05','签到！','0','0',NULL,NULL),(410,'4','15991668195','杨定兰',1,'杨定兰','http://p.qpic.cn/wwhead/duc2TvpEgSSWiaVLaJnssaThSuicVOviaUDewDtVdGNGGGhFfwXegwvWiauVtnJ6ZNXeGficPwUVt5vA/0',2,'yangdinglan','2019-01-21 13:03:42','签到！','0','0',NULL,NULL),(411,'63','18149269507','朱斌锋',1,'朱斌锋','https://shp.qpic.cn/bizmp/AjZlM6PD3XMg1OL1zHDgP8w2iaoF3V9b8A96Ev2X2ia69icqqPibAOIVMg/',1,'zhubinfeng','2019-01-21 16:20:27','签到！','3','1',NULL,NULL),(412,'4','18629458043','李家平',1,'李家平','http://shp.qpic.cn/bizmp/AjZlM6PD3XOUicJV1TicjXYtRvfbMXb9FXbNyTVNCJmd73kAH1OFhIBQ/',1,'weixiu6','2019-01-21 13:04:30','签到！','0','0',NULL,NULL),(413,'21','13992860316','刘森',1,'刘森','http://p.qpic.cn/wwhead/nMl9ssowtibVGyrmvBiaibzDu8rfFEAHeXVM0sQfoQDdQ0no330d9SYuxyYYZDAgnOKbC3wicEHyTZ0/0',1,'liusen','2019-01-21 13:05:16','签到！','0','0',NULL,NULL),(414,'30','13679220950','李聘',1,'李聘','http://p.qpic.cn/wwhead/duc2TvpEgSSWiaVLaJnssaQNBiapIB0ADbHeDd2Nr2z83yzD3Spiat19enibZDveEicJTq3YYGcibyic9Y/0',1,'jiankong12','2019-01-21 13:05:24','签到！','0','0',NULL,NULL),(415,'11','13649277140','李振峰',1,'李振峰','http://p.qlogo.cn/bizmail/n9FuYqRoyFMUbqTpE4aE55pz7BthEPHeV9YAic8udcluQCRbeBqcfdA/0',1,'jiance20','2019-01-21 13:05:25','签到！','0','0',NULL,NULL),(416,'3','17392068004','贠胜龙',1,'贠胜龙','http://p.qlogo.cn/bizmail/5iaQL4ldLR5ZniaCJQrA3iaaDl271ibjNqvibeMlHrHe8ypVgia3NzLma7pA/0',1,'yunshenglong','2019-01-21 13:05:41','签到！','0','0',NULL,NULL),(417,'64','18629544498','林连娜',1,'林连娜','http://shp.qpic.cn/bizmp/AjZlM6PD3XOoVhewIxT7lju4zYPb0QHUeOSdVgvhdsywaJpFbp8DoQ/',2,'yidong18','2019-01-21 13:06:02','签到！','0','0',NULL,NULL),(418,'59','13720723469','颜元',1,'颜元','https://p.qlogo.cn/bizmail/p5Eibr8DwSUZRrs6qVKemxQMJrYghHUTpoMUqBPlOlg1lwdTIicWQdfw/0',2,'yanyuan','2019-01-21 16:46:35','签到！','2','1',NULL,NULL),(419,'53','18995169926','张好玲',1,'张好玲','http://shp.qpic.cn/bizmp/AjZlM6PD3XO1aMxWqKBiahQ94SLdNI8e16ACsaMlCGibvqdoEM6rn7wA/',2,'zhanghaoling','2019-01-21 13:07:56','签到！','0','0',NULL,NULL),(420,'63','13609246547','李优飞',1,'李优飞','https://shp.qpic.cn/bizmp/AjZlM6PD3XNuTDlNFVuN037eaca2JSz3He0kdtCqxTy59Q5ZsmNknQ/',1,'weixiu43','2019-01-21 13:08:16','签到！','0','0',NULL,NULL),(421,'60','15877488502','宋宇庭',1,'宋宇庭','http://p.qlogo.cn/bizmail/e7wuKLb4nafPQEPhoDjJgdyYQBHWaKXonr3csRZn7ZicQRViblIXSAgw/0',1,'songyuting','2019-01-21 16:20:27','祝翔迅蒸蒸日上，早日上市！','3','1',NULL,NULL),(422,'60','18710459816','梁际',1,'梁际','http://p.qlogo.cn/bizmail/WsPFHrPRm4czk80rU2kcFSbMHf4ouHKbvtTteZgwqGmCyLeLsFe8UQ/0',1,'liangji','2019-01-21 13:08:35','祝公司越来越好。2019旺旺旺。','0','0',NULL,NULL),(423,'21','18191573803','丁勇',1,'丁勇','http://p.qlogo.cn/bizmail/L7ErTbKGVWAteQAeURYHXTt3yPozN1v1N7GqicHP1SKfglVb6h1AnQw/0',1,'dingyong','2019-01-21 13:08:39','签到！','0','0',NULL,NULL),(424,'63','18792697763','崔梦凡',1,'崔梦凡','http://p.qlogo.cn/bizmail/7iat6HwzuHaJJS6yIvo3ggZ2PyBSbicicy2VywQ1ic1d60V92AC3XdwWibQ/0',2,'cuimengfan','2019-01-21 13:08:40','签到！','0','0',NULL,NULL),(425,'63','18292001004','张飞龙',1,'张飞龙','http://p.qlogo.cn/bizmail/m0Jmnib0Bg0FYs4ziazvSO8a2lj0sIF0qYpNNXhLS8qnythXZhZ6ErKA/0',1,'zhangfeilong','2019-01-21 13:08:47','签到！','0','0',NULL,NULL),(426,'11','18792483734','任建鑫',1,'任建鑫','http://shp.qpic.cn/bizmp/AjZlM6PD3XNzxhmvo1WicQoLepiaAR3uVzO50DB15NpHlTo5b5snb4FQ/',1,'renjianxin','2019-01-21 13:08:49','签到！','0','0',NULL,NULL),(427,'62','15191461348','李星',1,'李星','http://p.qpic.cn/wwhead/duc2TvpEgSSWiaVLaJnssaQ7LRTzfDaj4Y5ibLeqN8zdk0rf6ibNVFn2xIM0FczwZwhOhWricuco5co/0',1,'lixing','2019-01-21 13:09:07','签到！','0','0',NULL,NULL),(428,'63','18690414332','仵红涛',1,'仵红涛','https://p.qlogo.cn/bizmail/qhORdiaiaNymSphZcLLeLtDic6FQEHibCom7Sz9oaov8ASNVDwHtktmJlQ/0',1,'wuhongtao','2019-01-21 13:09:16','新年快乐！','0','0',NULL,NULL),(429,'63','15289347025','王中华',1,'王中华','http://p.qlogo.cn/bizmail/8QRG37UC1Pvyjw9oFgT4u6BER6xDqfHmPA6UMh08ibySmxu0BCHjzdg/0',1,'wangzhonghua','2019-01-21 13:09:16','2019','0','0',NULL,NULL),(430,'59','15091522886','张娜',1,'张娜','http://p.qlogo.cn/bizmail/9GOw4NBXiczVVHGicLtibNpAOkXhgsuwtEE9Ef0PWnib7SaHNDWN2n1coA/0',2,'zhangna','2019-01-21 13:09:17','签到！','0','0',NULL,NULL),(431,'62','13359236341','章丽珍',1,'章丽珍','http://p.qlogo.cn/bizmail/8jb38507SctadRLudCTKd9Rc5DZKW4Z05tJXczDtnHDUgW76giaD8iag/0',2,'zhanglizhen','2019-01-21 13:09:27','签到！','0','0',NULL,NULL),(432,'11','13609266854','王睿洲',1,'王睿洲','http://shp.qpic.cn/bizmp/AjZlM6PD3XPmh0fXRlmWeseZTfIQJdvNffys9oGJyVwdRO6TRc2arA/',1,'jiance16','2019-01-21 13:09:30','签到！','0','0',NULL,NULL),(433,'53','13772463974','王龙龙',1,'王龙龙','http://shp.qpic.cn/bizmp/AjZlM6PD3XMK0WeJNmqqJRgb0r8nCtotXZmWVOic14VQ0qEHjrvlXmQ/',1,'yidong48','2019-01-21 13:09:30','签到！','0','0',NULL,NULL),(434,'62','18691877897','任毅',1,'任毅','https://shp.qpic.cn/bizmp/AjZlM6PD3XOPJFpGXibRCibxCMN00B602YlnTv74BjPib4f5AOMPicK0eA/',1,'renyi','2019-01-21 13:09:42','签到！','0','0',NULL,NULL),(435,'11','15191813778','伍振宇',1,'伍振宇','http://shp.qpic.cn/bizmp/AjZlM6PD3XMrG8pnFObeaIyWHcQjWicme3Qialr0NibCYwR92oTkicCvXg/',1,'wuzhenyu','2019-01-21 13:09:57','66666666','0','0',NULL,NULL),(436,'63','13700234571','孙旭升',1,'孙旭升','https://shp.qpic.cn/bizmp/AjZlM6PD3XPLiaZxPJ9aexdic9gt0vicuTb7Twpib4OBvP7PP6TyHXlIUA/',1,'weixiu7','2019-01-21 13:11:32','签到！','0','0',NULL,NULL),(437,'59','13379281314','李莉',1,'李莉','https://p.qlogo.cn/bizmail/CHrl2cicHRQSysD0fPI2oTTXoJlxSoGVa1Wia6npiaLVdYmNn9OlFEJicA/0',2,'lili','2019-01-21 13:12:28','签到！','0','0',NULL,NULL),(438,'28','13811529111','陶敏',1,'陶敏','http://p.qlogo.cn/bizmail/iau4RCZLZnSPyCEzQEHRIj8WdAPpnfIJfu601TSbB1JnHPkMhhechfg/0',1,'taomin','2019-01-21 13:12:52','签到！','0','0',NULL,NULL),(439,'64','18292747144','郭蓉',1,'郭蓉','http://p.qlogo.cn/bizmail/mQJBJfLEZlXXUVgtjXYB9tOz4J29pgkxoxH9zqTyWpHibmtHps6gcVw/0',2,'guorong','2019-01-21 13:13:12','签到！','0','0',NULL,NULL),(440,'21','15502955908','郝宇龙',1,'郝宇龙','http://shp.qpic.cn/bizmp/AjZlM6PD3XOqI2VrficEOqA962mAowIwjyv7nsmqn29xCWbERX40WWA/',1,'jiankong16','2019-01-21 13:13:16','签到！','0','0',NULL,NULL),(441,'41','18629358486','刘霜霜',1,'刘霜霜','http://p.qlogo.cn/bizmail/cpWIXxIqyj9P3EibcduL1ibtvcItVdxmfJjk5n2LibFcCUg3wjDVE87EA/0',2,'liushuangshuang','2019-01-21 13:13:40','2019年 不忘初心 砥砺前行','0','0',NULL,NULL),(442,'28','18669215883','王潇',1,'王潇','http://p.qlogo.cn/bizmail/7GWwR1SoXwk2cx6iapCpelTRAwLFgDcqSSLWhq8LHZia6vicicXJXpKIVw/0',1,'wangxiao','2019-01-21 13:13:42','签到！','0','0',NULL,NULL),(443,'11','18092555031','贾海强',1,'贾海强','http://p.qlogo.cn/bizmail/mxC2gM2Miau8X5BqB1z8jZiaylBzmRzuw8wrmFZxbqMgtC7icd7HLpZicA/0',1,'jiance29','2019-01-21 16:46:35','签到！','2','1',NULL,NULL),(444,'11','18109298181','白浪',1,'白浪','http://p.qlogo.cn/bizmail/2S3Em70xU44AkzxoTDUr03O2z2roTrD1jUXgN1iaYribcg6hiaQEPYVAg/0',1,'bailang','2019-01-21 13:13:51','签到！','0','0',NULL,NULL),(445,'59','18700993262','王倩',1,'王倩','http://p.qlogo.cn/bizmail/v90FjbFFAbDezXJo5u8EUg8gSBL855j6Fm8SRdKcWUbg0GXzLT0v2A/0',2,'wangqian','2019-01-21 13:14:34','签到！','0','0',NULL,NULL),(446,'28','18502952333','黄宝亮',1,'黄宝亮','http://shp.qpic.cn/bizmp/AjZlM6PD3XOjbkrnicYZhrnIuOKzOLN1Ieu3LfqyaEh0FANu2qeOWkA/',1,'jiankong5','2019-01-21 13:15:27','金猪拱门、报祥瑞！','0','0',NULL,NULL),(447,'11','18710309500','刘阳',1,'刘阳','http://shp.qpic.cn/bizmp/AjZlM6PD3XMoiaiaNm9tgOoe6iaKCiauv7QWf5dIFjGSL141qCAYUWMeeg/',1,'liuyang','2019-01-21 16:20:27','我刘汉三回来了','3','1',NULL,NULL),(448,'35','18829560139','张敏',1,'张敏','http://shp.qpic.cn/bizmp/AjZlM6PD3XNRCYcEQn5syVqvWLYEicdS2lMeEmPUDzq0yH4op6paonQ/',2,'zm','2019-01-21 13:16:22','签到','0','0',NULL,NULL),(449,'41','15829262057','吴向',1,'吴向','http://shp.qpic.cn/bizmp/AjZlM6PD3XNc1RKaDrqEmDmBJftC7s4P4ej2w5w1HTicsZCzyVogY3w/',2,'zonghe7','2019-01-21 13:16:22','签到！','0','0',NULL,NULL),(450,'21','15339225356','刘磊',1,'刘磊','http://p.qlogo.cn/bizmail/EeicMBlxmv4xNOULcRROdIGAKuexKiafD9b8aTwtdSfqvffxf7AynQ7g/0',1,'liulei','2019-01-21 13:16:50','祝公司蓬勃发展，更上一层楼。新年快乐！','0','0',NULL,NULL),(451,'6','18091026556','邓昌',1,'邓昌','http://p.qlogo.cn/bizmail/jB1K3VKEicHjBLMU9Yy49qVUUqOlrpF0ZzkY3mmydaicQIy70PfC4X4g/0',1,'dengchang','2019-01-21 13:17:06','签到！','0','0',NULL,NULL),(452,'59','15229087102','王丽',1,'王丽','http://p.qlogo.cn/bizmail/MVVv3icOspPJlicMibKlCcia42fm52q4ntxE5ypnWm8tsuQW4uLFEVF0EQ/0',1,'wangli','2019-01-21 13:17:33','机遇挑战跨越','0','0',NULL,NULL),(453,'4','15591863919','康冬毅',1,'康冬毅','http://p.qlogo.cn/bizmail/McUH1C3tVWqBLB8WunQrTkCfiaAialVMMBM6stvdv1ARzux3XMUicHpew/0',1,'kangdongyi','2019-01-21 13:17:33','签到！','0','0',NULL,NULL),(454,'28','15002969220','范奇',1,'范奇','http://shp.qpic.cn/bizmp/AjZlM6PD3XMne0yJeYnTOI6gbpBQ6ZdghOT6PvcGftP5WPyLhwSfuA/',1,'fanqi','2019-01-21 16:46:35','签到！','2','1',NULL,NULL),(455,'28','18189108751','王荣',1,'王荣','http://shp.qpic.cn/bizmp/AjZlM6PD3XNrDLeuDONJtal8CEBTvQVXjs4mG7h5xy9ISQzJVC8K3g/',1,'wangrong','2019-01-21 13:19:08','猪年大吉','0','0',NULL,NULL),(456,'59','18682910739','陈伟',1,'陈伟','https://shp.qpic.cn/bizmp/AjZlM6PD3XMoXp5wVxAmlKD5hQSgT9pt5Yyoq9EAmHSjQQzbCOPFTw/',1,'chenwei','2019-01-21 13:20:43','签到','0','0',NULL,NULL),(457,'31','18729305860','何佳斌',1,'何佳斌','http://p.qlogo.cn/bizmail/uPWlebWHr5e77NspyIMrU1XeWMSbStNMBjc4dxvjV14gm6P08VBYcA/0',1,'hejiabin','2019-01-21 13:20:52','签到！','0','0',NULL,NULL),(458,'31','13892845086','闫龙',1,'闫龙','http://p.qlogo.cn/bizmail/swVR2qSgsgaglV4IFRJicuIpuA0PAZz3XnY3lycNe6nx0C4BmDuHRTg/0',1,'yanlong','2019-01-21 13:21:06','签到！','0','0',NULL,NULL),(459,'28','18702933855','高旺',1,'高旺','http://shp.qpic.cn/bizmp/AjZlM6PD3XO73ial0IZtKGYgOVUusmla5V1Gl5jy8lqS3g6ichzWOLhw/',1,'gaowang','2019-01-21 13:26:12','签到','0','0',NULL,NULL),(460,'58','18109180350','王瑞峰',1,'王瑞峰','http://shp.qpic.cn/bizmp/AjZlM6PD3XMK0WeJNmqqJRgb0r8nCtotoKSicBYyABSjJfITamaAKlQ/',1,'yidong23','2019-01-21 13:27:58','签到！','0','0',NULL,NULL),(461,'62','13669261272','赵建',1,'赵建','https://p.qlogo.cn/bizmail/lSU2WzmWib6Sj66YZfUjRiavAq6Aqbibe3GNalTQHxXQUtPxStvlqG9Rg/0',1,'zhaojian','2019-01-21 13:28:45','签到！','0','0',NULL,NULL),(462,'30','18192121966','赵盼军',1,'赵盼军','http://shp.qpic.cn/bizmp/AjZlM6PD3XPRDCZqvYZhuQqTLKYae9ByS4hUTG66ENr0EU15C6UbfQ/',2,'yidong30','2019-01-21 13:29:15','签到！','0','0',NULL,NULL),(463,'32','18792710089','高颖斌',1,'高颖斌','http://shp.qpic.cn/bizmp/AjZlM6PD3XPUSmM8kv0nPTLHK0s2Qtic1TnU4JgYNFU79Q5As44dxVg/',1,'zhineng11','2019-01-21 13:29:25','签到！','0','0',NULL,NULL),(464,'60','18192249809','张小莉',1,'张小莉','http://p.qpic.cn/wwhead/duc2TvpEgSSWiaVLaJnssaWwDvrSTFv3OE08X4zibiaXlmFNKa3lricicQ2apqHExp45I72yXo8o4qeI/0',2,'zhangxiaoli','2019-01-21 16:20:11','到！','3','1',NULL,NULL),(465,'32','13636719432','刘小浏',1,'刘小浏','http://p.qpic.cn/wwhead/duc2TvpEgSSWiaVLaJnssaf4UKPSMibPgbHfveZuOYA429e5Kg6gU8qSliaic0RYQo7ibc6Z0EiakXQN8/0',1,'zhineng10','2019-01-21 13:29:47','签到！','0','0',NULL,NULL),(466,'45','13572272734','李帆',1,'李帆','https://shp.qpic.cn/bizmp/AjZlM6PD3XMBD0DvmxhRFO4cibGiaJY7iclC0oDhtD0W44g22OkKfQ9XA/',1,'lifan','2019-01-21 13:30:39','签到！','0','0',NULL,NULL),(467,'45','18729043832','文浩',1,'文浩','https://shp.qpic.cn/bizmp/AjZlM6PD3XMqc5ermfZpFUnPLmrsYGOmxuwG7ZnGKD9a2RcrNl0hJw/',1,'wenhao','2019-01-21 13:30:45','签到！','0','0',NULL,NULL),(468,'32','13700231791','陈华文',1,'陈华文','http://shp.qpic.cn/bizmp/AjZlM6PD3XPUSmM8kv0nPTLHK0s2Qtic1bfpk6SZj7elhdAPIF69qqA/',1,'zhineng51','2019-01-21 16:19:55','签到！','3','1',NULL,NULL),(469,'21','13659111137','杜磊',1,'杜磊','http://shp.qpic.cn/bizmp/AjZlM6PD3XNPKNLp4ZFufyybeeP3RUx5jQoI3cpQq5sj7ibxiaGh4gicA/',1,'jiankong9','2019-01-21 13:31:36','翔迅越来越好','0','0',NULL,NULL),(470,'32','13309292730','刘斌',1,'刘斌','http://p.qlogo.cn/bizmail/OQdISIPic90uckRic2hEBQurY0RHMp5mJpq5rN1yQuBSVUAhLSkRhtAA/0',1,'liubin','2019-01-21 13:31:51','签到！','0','0',NULL,NULL),(471,'45','15332315975','杨亮',1,'杨亮','https://shp.qpic.cn/bizmp/AjZlM6PD3XOrZF6R5SKUnZC4JpVI2YDlV7ic3sbNBnIib6alRcWne3Ew/',1,'yangliang','2019-01-21 13:33:36','签到！','0','0',NULL,NULL),(472,'20','13572528810','王进',1,'王进','http://p.qlogo.cn/bizmail/mu3E3iaiaQgXJebSvqxkL8icCibsbWRkoviav1Np2dSecZNUNbib5vtSuPcA/0',1,'wj','2019-01-21 16:46:15','签到！','2','1',NULL,NULL),(473,'31','18229063625','沈娟妮',1,'沈娟妮','http://shp.qpic.cn/bizmp/AjZlM6PD3XPxaribpBlJ07GFgiaOskKhBNcZoSibWKtFh3dQNOduaKicJg/',2,'shenjuanni','2019-01-21 13:34:59','签到！','0','0',NULL,NULL),(474,'32','15389008307','姚志刚',1,'姚志刚','http://shp.qpic.cn/bizmp/AjZlM6PD3XMDe2l4LMzN0FCoErLzHBL93Mk9bYS8sYJyeWTUNWfwBA/',1,'zhineng35','2019-01-21 13:35:12','签到！','0','0',NULL,NULL),(475,'32','13636801037','史锋',1,'史锋','http://shp.qpic.cn/bizmp/AjZlM6PD3XMnTnryukO6uhnTEadEZBUQD0EkJkNI3jQiadkOT6mPJbg/',1,'shifeng','2019-01-21 13:36:37','新年快乐！再接再厉！','0','0',NULL,NULL),(476,'3','18392864753','尚丹',1,'尚丹','http://p.qpic.cn/wwhead/duc2TvpEgSSWiaVLaJnssaRD8rY3CuFYKosjxQegwMtHgKO1PqLxO5uSmG7I3xOric5foONibaZXBI/0',2,'caiwu6','2019-01-21 16:20:27','签到！','3','1',NULL,NULL),(477,'32','15596160680','贺乐蓉',1,'贺乐蓉','http://shp.qpic.cn/bizmp/AjZlM6PD3XM0YjZQrJjIDVo27UyicbEnZhktf0ozS84aWwK6zWLg9zQ/',2,'helerong','2019-01-21 13:39:28','签到！','0','0',NULL,NULL),(478,'36','17782677921','胡红',1,'胡红','http://shp.qpic.cn/bizmp/AjZlM6PD3XNJMP47pKxsoduaT35Ty4RjAV10UaDo8BVQuiaexN3RqmQ/',2,'huhong','2019-01-21 13:39:44','签到！','0','0',NULL,NULL),(479,'63','15291803040','刘旭峰',1,'刘旭峰','https://shp.qpic.cn/bizmp/AjZlM6PD3XMA93h0DGficnEM7z6EBMZuIo46dG7EwfPyoezrXSvRibXg/',1,'liuxufeng','2019-01-21 16:46:35','签到','2','1',NULL,NULL),(480,'45','13572817191','秦岭',1,'秦岭','https://p.qpic.cn/wwhead/duc2TvpEgSSWiaVLaJnssaSucGXynDp8XNRKdZxaCmib2pFJO4Sd4cVdqg5aq0iaicXzziawYEx7IG5E/0',1,'qinling','2019-01-21 13:40:16','哈哈','0','0',NULL,NULL),(481,'32','18009292399','杨新刚',1,'杨新刚','http://p.qlogo.cn/bizmail/yriaBkB6iaeg5VialTd6YeNgx8bmdKPSV0K65b3G1CadREibfKISAx3YLg/0',1,'yangxingang','2019-01-21 17:09:56','签到！','1','1',NULL,NULL),(482,'23','18049430943','王盼盼',1,'王盼盼','http://p.qpic.cn/wwhead/duc2TvpEgSSWiaVLaJnssaZRZ3ZvE7OgtHMffNWZhtrphKt5mE3r1xzzcLzRYXfZu9sF7n1UL5icc/0',2,'wangpanpan','2019-01-21 16:20:11','签到！','3','1',NULL,NULL),(483,'3','15934886492','郝兴堂',1,'郝兴堂','http://p.qlogo.cn/bizmail/1hNQ0LRM99pRicvGu3l2PkVAcTA5icIzxI2SIicXOHvzC4ibMBWMJCwzJw/0',1,'haoxingtang','2019-01-21 13:43:15','签到！','0','0',NULL,NULL),(484,'41','13259781302','郭威',1,'郭威','http://shp.qpic.cn/bizmp/AjZlM6PD3XPUSmM8kv0nPTLHK0s2Qtic1Mwy92j9KeFoazY4lvUE4Lw/',1,'shengchan1','2019-01-21 13:43:27','重新启程～～～','0','0',NULL,NULL),(485,'21','18591919921','张婷',1,'张婷','http://shp.qpic.cn/bizmp/AjZlM6PD3XO73ial0IZtKGYgOVUusmla5W49buR1VHjkyF8xjkia97pQ/',2,'jiankong10','2019-01-21 13:44:57','诸事顺利','0','0',NULL,NULL),(486,'45','13259725515','彭铮',1,'彭铮','https://p.qlogo.cn/bizmail/ZmGM7DTkpgoC9FB5QaUKYJcRU9icUia7arMc6FPGlTPC4FBBL1Se959w/0',1,'weixiu35','2019-01-21 13:45:13','幸福是奋斗出来的','0','0',NULL,NULL),(487,'28','18629040696','高进',1,'高进','http://shp.qpic.cn/bizmp/AjZlM6PD3XMK0WeJNmqqJRgb0r8nCtotJ2RxoebsW9zSHrqdZE7xmw/',1,'zhineng23','2019-01-21 13:45:35','签到！','0','0',NULL,NULL),(488,'60','13522249905','孙小杰',1,'孙小杰','http://p.qlogo.cn/bizmail/npLPjhdxAYoy09bZZynllgdPcia6zLWHAibqS4l7S3ggCWuqicVSWWibZA/0',1,'sunxiaojie','2019-01-21 13:46:29','2019翔迅飞腾','0','0',NULL,NULL),(489,'57','18691891448','段佳明',1,'段佳明','http://shp.qpic.cn/bizmp/AjZlM6PD3XMK0WeJNmqqJRgb0r8nCtotnIyzP6Q3de79RFmh2kREcQ/',1,'zhineng37','2019-01-21 13:48:57','hello','0','0',NULL,NULL),(490,'63','13484557353','郭靖',1,'郭靖','https://p.qlogo.cn/bizmail/yB4BzdMNmT3dlRk6M0NXLvcdN4O9XCb9hYleKbRHQc8T5Du9YictxYA/0',1,'guojing','2019-01-21 13:50:31','签到！','0','0',NULL,NULL),(491,'3','13992832271','王芳',1,'王芳','http://shp.qpic.cn/bizmp/AjZlM6PD3XMfrtNSyUoUQRm8Zkmsf9cUazeX31HhjrIwSn60rHVrwQ/',2,'caiwu2','2019-01-21 16:19:55','签到！','3','1',NULL,NULL),(492,'56','13363911376','贺宝玲',1,'贺宝玲','http://p.qlogo.cn/bizmail/gjISVb6XCJTRf0kOdsxtliaiaZMseCDibicpueAxAYQg7aom6CV1f0iaIVQ/0',2,'hebaoling','2019-01-21 13:50:42','签到！','0','0',NULL,NULL),(493,'3','18992312828','刘莹',1,'刘莹','http://p.qlogo.cn/bizmail/WT2qfd7cT1QKX705mLib3BMARaXD4zaC7Q4fP1R4wjnY44DoJY2ZPeg/0',2,'liuying1','2019-01-21 13:50:56','签到！','0','0',NULL,NULL),(494,'59','15129312823','张有波',1,'张有波','https://shp.qpic.cn/bizmp/AjZlM6PD3XNzxhmvo1WicQoLepiaAR3uVzQlFQfgsglK5nxC21WWl1Vg/',1,'zhangyoubo','2019-01-21 13:50:57','签到！','0','0',NULL,NULL),(495,'59','18991121929','孙华',1,'孙华','https://p.qpic.cn/wwhead/dx4Y70y9XcvSiazHvUicn0ExErpgWI9wd65N1lLgqKZ9W9ARuPbQ8jLhPa6d5RENuzBrakkJKicFHI/0',2,'weixiu16','2019-01-21 13:57:33','新年新气象，冲','0','0',NULL,NULL),(496,'31','18392965878','王航',1,'王航','http://p.qlogo.cn/bizmail/yygIhEjWNAgXTUYpvzPFicmU3jxeCQ6PQA9SqpzQicAb303kZsNlkFmA/0',1,'wanghang','2019-01-21 16:46:35','雄起！！！','2','1',NULL,NULL),(497,'11','18629381510','张红博',1,'张红博','http://shp.qpic.cn/bizmp/AjZlM6PD3XNicGdEBBEXrckPMqdFUqQcNdrOFcnibTu3sf1ZFOV2ybUw/',1,'jiance31','2019-01-21 14:00:32','签到！','0','0',NULL,NULL),(498,'63','13088955207','罗育东',1,'罗育东','https://shp.qpic.cn/bizmp/AjZlM6PD3XO9XqzzwDibibXlOVPnXrVNEXIu73GB4YQMpMND6Eibc9CibA/',1,'luoyudong','2019-01-21 14:03:39','签到！','0','0',NULL,NULL),(499,'20','13992816962','刘振涛',1,'刘振涛','http://shp.qpic.cn/bizmp/AjZlM6PD3XOUicJV1TicjXYtRvfbMXb9FXB1JS1S7oFqcAKdOh0IThfQ/',1,'lzt','2019-01-21 16:20:27','签到！','3','1',NULL,NULL),(500,'31','18829043101','李晓倩',1,'李晓倩','http://p.qlogo.cn/bizmail/RGC12oIibial08d5PKDCofQ3quOPPJRhZuOg5EFvQLZaLvVR19Qo2eHQ/0',2,'lixiaoqian','2019-01-21 16:46:15','签到！','2','1',NULL,NULL),(501,'57','15094009529','张金明',1,'张金明','http://p.qlogo.cn/bizmail/oZj0QGNTZMylxSibLhEwQUhyG0oCYwhHd6gOzeCK3Cgd2rLsicXVnSXQ/0',1,'zhangjinming','2019-01-21 14:10:48','签到！','0','0',NULL,NULL),(502,'30','17792959129','王鹏飞',1,'王鹏飞','http://shp.qpic.cn/bizmp/AjZlM6PD3XMK0WeJNmqqJRgb0r8nCtotDVMZLNkp4ibYQCkTf12CxAA/',1,'yidong26','2019-01-21 14:46:18','签到！','0','0',NULL,NULL),(503,'35','13190019171','宫小丹',1,'宫小丹','http://p.qlogo.cn/bizmail/1VL9qnSJuXn8sdbyuGZCL4zC52ldZ4oC4y7pO9Irq3UoA2bsCdoYRg/0',2,'gongxiaodan','2019-01-21 14:56:49','签到！','0','0',NULL,NULL),(504,'6','18691111129','马航飞',1,'马航飞','http://shp.qpic.cn/bizmp/AjZlM6PD3XNjibBSGK1LWGNvognaW9Ny0y8JSucK8jg3hnqvoxZbDkQ/',1,'mahangfei','2019-01-21 15:20:30','签到！','0','0',NULL,NULL),(505,'2','13572570163','康前望',1,'康前望','http://shp.qpic.cn/bizmp/AjZlM6PD3XPUSmM8kv0nPTLHK0s2Qtic1HSku0amxaBEWJibo0SYTicicQ/',1,'kqw','2019-01-21 15:29:11','签到！','0','0',NULL,NULL),(506,'21','18192367287','赵森',1,'赵森','http://p.qlogo.cn/bizmail/Anl5Ow7efF592XfSpn6R8p7g5V5IwNyw4yN2S9dNOImLytJIycSK4w/0',1,'zhaosen','2019-01-21 15:35:13','天天向上','0','0',NULL,NULL),(507,'20','18681943838','王阳',1,'王阳','http://shp.qpic.cn/bizmp/AjZlM6PD3XNc95bZhQ6dAVVn0yP9DaicHf6dribwqQeziaUY3dw2960wg/',1,'yidong2','2019-01-21 15:36:36','签到！','0','0',NULL,NULL),(508,'63','18892028820','李丹',1,'李丹','https://shp.qpic.cn/bizmp/AjZlM6PD3XPOkYSkcIIia5OrgE9cyuZ6vjpHACz7ODg21nYibXz3zicQQ/',2,'lidan','2019-01-21 15:38:17','醉流年','0','0',NULL,NULL),(509,'40','13991128151','赵华宁',1,'赵华宁','https://p.qlogo.cn/bizmail/sWyNLlBuntxCUl3aWmRDxFxgicuXuXZOLAd3XGCVC5VCcibm2bcxJbSA/0',2,'zhaohuaning','2019-01-21 15:39:41','签到！','0','0',NULL,NULL),(510,'63','18009284509','蒋婷婷',1,'蒋婷婷','https://shp.qpic.cn/bizmp/AjZlM6PD3XOCyATiaukO7Evzs2HoyqpWXeBF24q8iazWp5sUDpibFficSQ/',2,'weixiu14','2019-01-21 15:41:06','签到！','0','0',NULL,NULL),(511,'30','18629385681','秦晓飞',1,'秦晓飞','http://shp.qpic.cn/bizmp/AjZlM6PD3XMK0WeJNmqqJRgb0r8nCtotua79hjbM2ld91X431plkFw/',1,'zhineng40','2019-01-21 15:41:08','签到！','0','0',NULL,NULL),(512,'20','13669281898','郭颜军',1,'郭颜军','http://shp.qpic.cn/bizmp/AjZlM6PD3XOr5EY6pqIXoU5nibwxbib16OTq1PRRicpic3F1X8aOWDXm9A/',1,'gyj','2019-01-21 15:41:13','签到！','0','0',NULL,NULL),(513,'40','13991891190','季梅',1,'季梅','https://p.qlogo.cn/bizmail/KDZMiagV7c9H4TFy9d9Thxsc0en61mPHqhwSZYABcf9UPWibkwew3rGw/0',2,'jimei','2019-01-21 16:46:15','签到！','2','1',NULL,NULL),(514,'63','13109523076','贺坤',1,'贺坤','http://p.qlogo.cn/bizmail/jxBXTOcc17QXBDiaicDS81V7ia9aKR0m8YRBYo52AxHMkJnxHo4hUPayg/0',1,'hekun','2019-01-21 15:41:45','哈哈哈','0','0',NULL,NULL),(515,'40','13909299950','张勇',1,'张勇','http://p.qlogo.cn/bizmail/cqkib4SFoddCuFmZ8fBKmnmju6SVesrjmD4iaC7pHjuxHRyntEIibmXpw/0',1,'zhangyong','2019-01-21 15:42:19','签到！','0','0',NULL,NULL),(516,'40','13891931229','庞菁',1,'庞菁','http://p.qlogo.cn/bizmail/BRkbIujOz28GnSqnmqHFKay2k3tNa4icRf8KasQibZ3AU0glS1eWH9cA/0',1,'pangjing','2019-01-21 17:09:56','签到！','1','1',NULL,NULL),(517,'40','13649246713','刘敏',1,'刘敏','https://p.qlogo.cn/bizmail/TlDdD5OqK3hSSNMg7fTP0MQr6UnWWiaLg1oQW8yqNg2nCvib1NlyGY0Q/0',2,'liumin','2019-01-21 16:20:27','签到！','3','1',NULL,NULL),(518,'11','15332430031','单进',1,'单进','http://shp.qpic.cn/bizmp/AjZlM6PD3XMjQAG4rawBVcIO6DAyR6q7Z7K0FvKibR0W5ibtGKyQRLrw/',1,'shanjin','2019-01-21 15:52:05','签到！','0','0',NULL,NULL),(519,'36','15829037565','王琼1',1,'王琼1','http://p.qlogo.cn/bizmail/ZwuFichQEQM7QGlI3ribwh1JLwJlBqF110ToOJib69xDnO9Nl2gmKMpXQ/0',2,'wangqiong1','2019-01-21 15:52:10','签到！','0','0',NULL,NULL),(520,'28','18391446600','张莎',1,'张莎','http://shp.qpic.cn/bizmp/AjZlM6PD3XO73ial0IZtKGYgOVUusmla5ctywrIL0fq5gZp3eMwepGQ/',2,'zhangsha','2019-01-21 16:46:35','签到！','2','1',NULL,NULL),(521,'43','13909264654','李明华',1,'李明华','https://shp.qpic.cn/bizmp/AjZlM6PD3XOM2lMEFfQEUYjHeQMZYqRFPicsomKr9voBgbMyYkvqjSg/',1,'weixiu3','2019-01-21 17:09:56','签到！','1','1',NULL,NULL),(522,'57','18586837679','唐浩',1,'唐浩','http://p.qlogo.cn/bizmail/yjpHNSv5WTe7prnR3PZmNIvwq8EEEjVFAjd5kphAPD3iaurDOVCp4Kw/0',1,'tanghao','2019-01-21 15:53:26','签到！','0','0',NULL,NULL),(523,'21','18191412577','贾跃飞',1,'贾跃飞','http://shp.qpic.cn/bizmp/AjZlM6PD3XOCyATiaukO7Evzs2HoyqpWXzPUsdKwPUQSgdopicwqQo8w/',1,'jiayuefei','2019-01-21 17:09:56','签到！','1','1',NULL,NULL),(524,'8','18182659009','蒋鑫',1,'蒋鑫','http://shp.qpic.cn/bizmp/AjZlM6PD3XNzxhmvo1WicQoLepiaAR3uVzMXPiaTsybwibUyH8nRibsxU9w/',1,'jiangxin','2019-01-21 15:54:52','签到！','0','0',NULL,NULL),(525,'8','15691896917','郑锐',1,'郑锐',NULL,2,'zhengrui','2019-01-21 16:46:15',NULL,'2','1',NULL,NULL),(526,'8','134','周少峰',1,'周少峰',NULL,1,'zhoushaofeng','2019-01-21 16:29:29',NULL,'0','0',NULL,NULL),(527,'8','145','邵引平',1,'邵引平',NULL,1,'shayinping','2019-01-21 16:30:29',NULL,'0','0',NULL,NULL),(528,'8','156','高峰',1,'高峰',NULL,1,'gaofeng','2019-01-21 19:34:16',NULL,'0','0',NULL,NULL),(529,'8','15691896917','胡庆林',1,'胡庆林',NULL,1,'huqinglin','2019-01-21 19:34:01',NULL,'0','0',NULL,NULL),(530,'6','18189241609','贾秉韬',1,'贾秉韬','http://shp.qpic.cn/bizmp/AjZlM6PD3XMDe2l4LMzN0FCoErLzHBL9iaU1BXqtevOdNBibvW1NEwQQ/',1,'jiabingtao','2019-01-21 16:56:36','签到！','0','0',NULL,NULL),(531,'6','18336093408','王凯乐',1,'王凯乐','http://p.qlogo.cn/bizmail/N47MkvFibyZ5S6nO0wibDvkRdpVibUueXK0PCic4dTx8A4gRgv6cjAT0icw/0',1,'wangkaile','2019-01-21 17:09:56','签到！','1','1',NULL,NULL),(532,'36','15339240935','张燚',1,'张燚','http://shp.qpic.cn/bizmp/AjZlM6PD3XPcuAXDBT0Ow0cGR7YftLX6gWzeMqz2dFEhWBcYMHoR0g/',2,'zy','2019-01-21 17:31:10','签到！','0','0',NULL,NULL),(533,'20','13468850513','范毅',1,'范毅','http://shp.qpic.cn/bizmp/AjZlM6PD3XOUicJV1TicjXYtRvfbMXb9FX47wTYcbYDbibkb8ibGxc635g/',1,'fy','2019-01-21 17:51:59','签到！','0','0',NULL,NULL),(534,'53','15003689850','魏有杰',1,'魏有杰','http://p.qlogo.cn/bizmail/pFT6babY74UCicyf7arx3q5T6spqgmibjzpceRyklH9kRURgibzuYOoIA/0',1,'weiyoujie','2019-01-21 18:02:25','签到！','0','0',NULL,NULL),(535,'{11}','12313','王qi',0,NULL,'http://p.qlogo.cn/bizmail/MsdN3vG5SiajeQ5JEuUmYDDVWqzPNIND7uJBgZYe3YN6yeHjgXQLOpg/0',NULL,'ccwq','2019-05-05 18:06:09',NULL,'0','0',NULL,'MALE');

#
# Structure for table "users_roles"
#

DROP TABLE IF EXISTS `users_roles`;
CREATE TABLE `users_roles` (
  `user_id` bigint(20) NOT NULL COMMENT '用户ID',
  `role_id` bigint(20) NOT NULL COMMENT '角色ID',
  PRIMARY KEY (`user_id`,`role_id`) USING BTREE,
  KEY `FKq4eq273l04bpu4efj0jd0jb98` (`role_id`) USING BTREE,
  CONSTRAINT `users_roles_ibfk_1` FOREIGN KEY (`role_id`) REFERENCES `role` (`id`),
  CONSTRAINT `users_roles_ibfk_2` FOREIGN KEY (`user_id`) REFERENCES `user` (`id`)
) ENGINE=InnoDB DEFAULT CHARSET=utf8;

#
# Data for table "users_roles"
#

INSERT INTO `users_roles` VALUES (1,1),(3,2),(5,2),(6,3),(7,3);

#
# Structure for table "verification_code"
#

DROP TABLE IF EXISTS `verification_code`;
CREATE TABLE `verification_code` (
  `id` bigint(20) NOT NULL AUTO_INCREMENT COMMENT 'ID',
  `code` varchar(255) DEFAULT NULL COMMENT '验证码',
  `create_time` datetime DEFAULT NULL COMMENT '创建日期',
  `status` bit(1) DEFAULT NULL COMMENT '状态：1有效、0过期',
  `type` varchar(255) DEFAULT NULL COMMENT '验证码类型：email或者短信',
  `value` varchar(255) DEFAULT NULL COMMENT '接收邮箱或者手机号码',
  `scenes` varchar(255) DEFAULT NULL COMMENT '业务名称：如重置邮箱、重置密码等',
  PRIMARY KEY (`id`) USING BTREE
) ENGINE=InnoDB AUTO_INCREMENT=4 DEFAULT CHARSET=utf8;

#
# Data for table "verification_code"
#


#
# Structure for table "visits"
#

DROP TABLE IF EXISTS `visits`;
CREATE TABLE `visits` (
  `id` bigint(20) NOT NULL AUTO_INCREMENT,
  `create_time` datetime DEFAULT NULL,
  `date` varchar(255) DEFAULT NULL,
  `ip_counts` bigint(20) DEFAULT NULL,
  `pv_counts` bigint(20) DEFAULT NULL,
  `week_day` varchar(255) DEFAULT NULL,
  PRIMARY KEY (`id`),
  UNIQUE KEY `UK_11aksgq87euk9bcyeesfs4vtp` (`date`)
) ENGINE=InnoDB AUTO_INCREMENT=21 DEFAULT CHARSET=utf8;

#
# Data for table "visits"
#

INSERT INTO `visits` VALUES (20,'2019-05-05 16:42:55','2019-05-05',1,12,'Sun');
